Var1, Var66
18399,0
19821,0
17769,0
19309,0
20728,0
18103,0
17801,0
17884,0
19716,0
20007,0
19500,0
21298,0
20410,0
19071,0
18099,0
19509,0
19315,0
17032,0
19755,0
18343,0
21157,0
16855,0
20304,0
19245,0
18360,0
17529,0
16924,0
16960,0
19628,0
20013,0
20709,0
16763,0
17034,0
17900,0
17053,0
17134,0
18435,0
18664,0
16674,0
20365,0
21610,1
20903,0
19379,0
20070,0
20688,0
18733,0
18748,0
17616,0
17169,0
16719,0
20430,0
19789,0
21647,1
17455,0
17991,0
21506,1
16836,0
18635,0
19085,0
20345,0
19237,0
17390,0
20817,0
17058,0
18388,0
18654,0
17645,0
17488,0
20118,0
17060,0
21312,0
18134,0
17621,0
21092,0
20818,0
18627,0
18763,0
17135,0
18212,0
17055,0
20920,0
19840,0
18832,0
21541,1
18249,0
18113,0
18640,0
17349,0
20561,0
19667,0
19365,0
21626,1
18805,0
17247,0
18292,0
18789,0
18717,0
21061,0
17949,0
21028,0
21282,0
21568,1
21085,0
21588,1
18767,0
19176,0
17006,0
17288,0
17192,0
17640,0
18795,0
18403,0
19548,0
17595,0
16949,0
19515,0
19794,0
19820,0
17893,0
18079,0
20360,0
21346,0
17715,0
18639,0
21325,0
19137,0
19363,0
16936,0
21519,1
18821,0
20707,0
18978,0
19193,0
18124,0
19555,0
19339,0
18690,0
19490,0
20855,0
18118,0
17334,0
19808,0
17177,0
21202,0
17911,0
17977,0
19701,0
21207,0
20875,0
21228,0
18883,0
19119,0
16828,0
17819,0
17759,0
20404,0
17680,0
16841,0
17117,0
18233,0
18812,0
19770,0
19453,0
19529,0
18808,0
20212,0
20816,0
18185,0
20504,0
17335,0
20966,0
19483,0
19388,0
17198,0
18441,0
16847,0
21497,1
19969,0
18136,0
21351,0
20423,0
20956,0
18396,0
20643,0
18856,0
20373,0
20849,0
20127,0
18101,0
17254,0
20030,0
18169,0
20524,0
18374,0
18997,0
17100,0
17091,0
17158,0
18656,0
18617,0
18057,0
20824,0
20952,0
18015,0
20537,0
21640,1
18074,0
18691,0
18170,0
17237,0
19907,0
20543,0
18898,0
20042,0
19950,0
19282,0
18111,0
20425,0
17270,0
21048,0
21352,0
21353,0
21545,1
19549,0
17650,0
21332,0
17389,0
19214,0
19359,0
17037,0
19592,0
17498,0
18267,0
19983,0
17045,0
18163,0
17431,0
19405,0
17388,0
18306,0
19182,0
21261,0
17307,0
20938,0
19801,0
21188,0
18674,0
19158,0
20922,0
20178,0
20578,0
17971,0
17983,0
17444,0
17725,0
20480,0
18905,0
21628,1
16977,0
19531,0
18273,0
19226,0
20675,0
19775,0
17818,0
19956,0
18851,0
17209,0
18620,0
18089,0
19981,0
20570,0
18146,0
19554,0
16791,0
19925,0
17765,0
18769,0
17579,0
20463,0
19263,0
17081,0
19018,0
20641,0
16798,0
18006,0
21122,0
17599,0
17206,0
18885,0
17097,0
18045,0
18756,0
16919,0
18215,0
19825,0
16761,0
18108,0
20107,0
19566,0
19308,0
20809,0
18969,0
16708,0
18712,0
21050,0
17424,0
16781,0
19895,0
17965,0
17474,0
19160,0
16891,0
21518,1
20704,0
21643,1
19873,0
19759,0
18165,0
20858,0
19373,0
20445,0
19298,0
21035,0
17654,0
17040,0
17314,0
20143,0
20243,0
18158,0
20222,0
19445,0
20754,0
16696,0
17365,0
20450,0
19338,0
20720,0
21314,0
18875,0
16799,0
18266,0
18520,0
19560,0
19101,0
19730,0
20670,0
17714,0
20394,0
18855,0
18202,0
18130,0
17856,0
21043,0
16843,0
18117,0
18482,0
21023,0
17623,0
16688,0
17958,0
19912,0
17548,0
18220,0
20961,0
19681,0
18470,0
19982,0
20040,0
18942,0
20242,0
17309,0
17440,0
18071,0
17575,0
20418,0
19905,0
20141,0
18522,0
19227,0
19012,0
17753,0
21274,0
17070,0
17583,0
20841,0
16830,0
18595,0
16682,0
18174,0
18450,0
18090,0
20714,0
17745,0
20138,0
17494,0
20832,0
19146,0
18707,0
20794,0
19649,0
18187,0
20350,0
20434,0
17594,0
16956,0
20193,0
16691,0
20838,0
19937,0
18558,0
19964,0
16916,0
17806,0
20623,0
18301,0
20008,0
16942,0
16905,0
18917,0
20659,0
16849,0
19081,0
17951,0
19945,0
19301,0
18446,0
21163,0
21144,0
17996,0
21129,0
20572,0
21267,0
20630,0
18638,0
21660,1
19220,0
17585,0
17522,0
17239,0
17137,0
20538,0
19052,0
19163,0
21567,1
16833,0
18345,0
20346,0
17932,0
17931,0
21191,0
19778,0
17234,0
17092,0
21220,0
20727,0
19915,0
18039,0
19328,0
19623,0
17531,0
18581,0
20034,0
18693,0
19887,0
17371,0
20173,0
16742,0
17017,0
18224,0
19611,0
20999,0
18469,0
19213,0
19863,0
17826,0
20297,0
19124,0
19423,0
17756,0
21553,1
18259,0
17244,0
18764,0
17453,0
18912,0
20466,0
16810,0
20101,0
20083,0
20526,0
18510,0
17589,0
21056,0
19678,0
21182,0
17430,0
16726,0
18070,0
17332,0
21575,1
17544,0
19383,0
20763,0
21532,1
18464,0
19933,0
16893,0
18490,0
19874,0
19307,0
17082,0
20743,0
16928,0
17103,0
18641,0
20024,0
16718,0
20352,0
17221,0
17042,0
21167,0
18414,0
20293,0
18590,0
18318,0
20111,0
19468,0
17023,0
18425,0
18742,0
19503,0
19219,0
21241,0
17354,0
19269,0
19671,0
21159,0
18250,0
20051,0
19680,0
18029,0
16728,0
18218,0
17080,0
19859,0
19060,0
19098,0
17571,0
19523,0
17527,0
18675,0
17466,0
16759,0
17602,0
18719,0
19353,0
16962,0
19026,0
19248,0
16880,0
19540,0
19737,0
19253,0
18241,0
20906,0
19538,0
18293,0
19138,0
18166,0
16878,0
17687,0
20752,0
21070,0
20898,0
17413,0
21116,0
20291,0
20218,0
18181,0
21226,0
18440,0
20197,0
21529,1
16785,0
21214,0
19614,0
20603,0
18686,0
16741,0
20333,0
20629,0
18950,0
21551,1
17056,0
17751,0
21536,1
17295,0
19478,0
18847,0
16756,0
17150,0
18260,0
17872,0
16784,0
19552,0
17030,0
20981,0
21142,0
18000,0
20057,0
19404,0
16803,0
21247,0
21600,1
18031,0
18526,0
21248,0
19140,0
19316,0
19294,0
19876,0
19834,0
18442,0
19200,0
17713,0
20771,0
19350,0
19259,0
21649,1
19776,0
19558,0
17729,0
17264,0
21171,0
19826,0
19987,0
20012,0
19072,0
20624,0
18010,0
18705,0
21335,0
18792,0
20764,0
19110,0
17994,0
19995,0
20854,0
18731,0
18253,0
20349,0
18716,0
17841,0
20995,0
18083,0
20772,0
20506,0
21623,1
19254,0
19121,0
20840,0
21114,0
21140,0
19366,0
20882,0
20344,0
21580,1
16673,0
20164,0
17358,0
16971,0
20974,0
20289,0
18850,0
21094,0
19703,0
21350,0
19344,0
21237,0
19346,0
19831,0
20113,0
19526,0
18758,0
19506,0
18172,0
19104,0
19657,0
19384,0
20072,0
20060,0
17395,0
16872,0
20681,0
20245,0
20509,0
19047,0
20287,0
21042,0
18290,0
20195,0
19850,0
18358,0
17848,0
19799,0
19336,0
18863,0
17297,0
21539,1
20063,0
19487,0
19519,0
19030,0
21225,0
20948,0
21563,1
19932,0
18392,0
21076,0
21039,0
17779,0
19305,0
20165,0
20618,0
17475,0
20986,0
17782,0
17603,0
18401,0
17722,0
16671,0
20777,0
17432,0
18971,0
19841,0
19399,0
18229,0
20016,0
17373,0
17245,0
19091,0
20225,0
19763,0
18580,0
18544,0
20739,0
20401,0
21620,1
18173,0
18434,0
20169,0
18364,0
17564,0
20366,0
19988,0
17323,0
17845,0
21275,0
17926,0
17379,0
17652,0
20347,0
17470,0
17437,0
20479,0
18448,0
20839,0
17637,0
19739,0
18702,0
18531,0
20627,0
21309,0
20836,0
20157,0
18547,0
19357,0
16713,0
18177,0
19221,0
17153,0
19262,0
18153,0
20980,0
20065,0
18035,0
18525,0
16675,0
18291,0
19851,0
19715,0
18672,0
19181,0
21577,1
21361,0
19044,0
17408,0
20784,0
18214,0
16745,0
18304,0
17458,0
21100,0
21117,0
17749,0
16923,0
20905,0
17973,0
18321,0
18064,0
20665,0
18815,0
17691,0
20958,0
19041,0
19706,0
17649,0
20027,0
18126,0
19735,0
17559,0
17375,0
18498,0
20062,0
18135,0
17064,0
21364,0
21084,0
19602,0
21604,1
18329,0
21216,0
17275,0
18044,0
20536,0
20926,0
16933,0
17999,0
20541,0
16820,0
16913,0
20760,0
20088,0
20592,0
18538,0
20240,0
20692,0
20286,0
16908,0
20037,0
19522,0
20374,0
18091,0
21611,1
18109,0
17259,0
17553,0
20970,0
20602,0
18429,0
17184,0
18379,0
17810,0
17214,0
16978,0
21258,0
19914,0
20109,0
20819,0
20103,0
20153,0
17506,0
16722,0
20020,0
18793,0
20753,0
20115,0
18143,0
21597,1
17513,0
18829,0
18549,0
19896,0
18012,0
19494,0
20726,0
17939,0
17329,0
20431,0
19728,0
17025,0
16874,0
18096,0
19394,0
19330,0
17957,0
16661,0
20576,0
20108,0
19403,0
19664,0
19720,0
17121,0
19536,0
19062,0
17863,0
16856,0
20672,0
20656,0
20312,0
19157,0
20386,0
20918,0
18243,0
16968,0
17132,0
18465,0
17105,0
19642,0
19621,0
20148,0
20646,0
17385,0
20313,0
18806,0
20488,0
19354,0
17978,0
19864,0
19729,0
21102,0
17766,0
19367,0
16724,0
17532,0
19724,0
17292,0
19748,0
17904,0
20756,0
18894,0
20447,0
18346,0
21153,0
16815,0
17139,0
18740,0
19938,0
17152,0
17039,0
20931,0
17281,0
20936,0
20041,0
17830,0
19186,0
18649,0
18375,0
19299,0
19815,0
18759,0
17657,0
17384,0
16896,0
19583,0
19150,0
20619,0
16996,0
20765,0
19097,0
20514,0
20718,0
19177,0
18206,0
19976,0
16768,0
18021,0
20241,0
17596,0
17876,0
20476,0
21231,0
17776,0
19722,0
21148,0
18973,0
21013,0
19604,0
19760,0
17013,0
17219,0
18519,0
16986,0
18494,0
20637,0
20247,0
17005,0
19287,0
19752,0
19244,0
19899,0
19086,0
17690,0
19053,0
20610,0
18472,0
17456,0
17768,0
19498,0
19343,0
19809,0
17615,0
19473,0
18986,0
21618,1
20782,0
18002,0
18493,0
18217,0
19201,0
18552,0
18533,0
16955,0
16912,0
18568,0
19807,0
19518,0
20587,0
17523,0
20308,0
20989,0
19184,0
17283,0
20653,0
16854,0
20276,0
17678,0
19768,0
19677,0
20813,0
18284,0
20954,0
18820,0
19751,0
17002,0
17797,0
18583,0
16687,0
18480,0
18619,0
19704,0
16946,0
19530,0
21559,1
20375,0
18979,0
20902,0
17235,0
21645,1
18970,0
19847,0
19804,0
20844,0
18980,0
19788,0
18265,0
19710,0
18338,0
19422,0
20558,0
18184,0
20611,0
17504,0
21257,0
21244,0
18699,0
17104,0
19264,0
21546,1
20398,0
21657,1
20820,0
21005,0
17901,0
19059,0
17376,0
18773,0
17407,0
21347,0
19708,0
19045,0
20469,0
20290,0
17727,0
17382,0
16879,0
18962,0
18524,0
17255,0
19819,0
18336,0
16794,0
16940,0
18991,0
20336,0
19117,0
21317,0
19113,0
20750,0
18093,0
20894,0
17822,0
19811,0
16859,0
19067,0
19740,0
19931,0
20473,0
19238,0
19635,0
16703,0
16867,0
19448,0
19284,0
19272,0
18663,0
21517,1
17429,0
17980,0
17984,0
19452,0
21141,0
18231,0
16883,0
21124,0
20403,0
21269,0
19627,0
20671,0
20176,0
18779,0
20172,0
20639,0
21197,0
20539,0
19510,0
16972,0
17530,0
20457,0
18219,0
17605,0
18303,0
19303,0
19440,0
17552,0
20793,0
21068,0
18022,0
19190,0
17563,0
18865,0
17974,0
18240,0
18272,0
18941,0
19777,0
20513,0
16852,0
20412,0
20586,0
18487,0
19898,0
17849,0
17261,0
18862,0
20263,0
17940,0
19415,0
18622,0
18746,0
19762,0
18055,0
21044,0
18685,0
18471,0
20224,0
16769,0
19643,0
17987,0
19738,0
18867,0
20262,0
20798,0
20560,0
21535,1
18245,0
17282,0
21579,1
20305,0
20985,0
19277,0
18271,0
20442,0
17846,0
19727,0
18891,0
20803,0
19241,0
16744,0
18949,0
19967,0
18478,0
19616,0
17046,0
20339,0
18062,0
18258,0
18261,0
18183,0
20137,0
19449,0
20231,0
17739,0
18327,0
17828,0
20168,0
21017,0
21635,1
18248,0
20205,0
20786,0
18016,0
18701,0
20135,0
21631,1
17157,0
20826,0
17207,0
20393,0
21143,0
19372,0
18826,0
19934,0
20505,0
20384,0
20700,0
17285,0
17352,0
19856,0
21209,0
18814,0
17190,0
17364,0
21602,1
19894,0
17057,0
19374,0
19446,0
17941,0
20209,0
18543,0
17084,0
20402,0
20667,0
18799,0
21090,0
16888,0
19274,0
18287,0
19514,0
20582,0
17625,0
20748,0
21058,0
20899,0
17079,0
19545,0
16851,0
20987,0
16779,0
17809,0
17881,0
21174,0
20413,0
18199,0
20220,0
20730,0
16689,0
20642,0
17902,0
19460,0
17071,0
17711,0
20557,0
18297,0
18573,0
20612,0
19413,0
19562,0
19785,0
18567,0
16783,0
17392,0
17752,0
19839,0
17357,0
18087,0
20534,0
18353,0
20744,0
21101,0
16693,0
17918,0
16729,0
17312,0
19696,0
18935,0
21512,1
20233,0
18527,0
18424,0
18770,0
17664,0
18156,0
21071,0
19381,0
17627,0
19320,0
20244,0
20017,0
17915,0
21333,0
21195,0
20364,0
17280,0
18864,0
21040,0
20703,0
19078,0
20357,0
21158,0
19038,0
21250,0
19153,0
18188,0
21612,1
19564,0
20680,0
17302,0
20274,0
17912,0
17201,0
21146,0
19434,0
17688,0
20682,0
20238,0
18609,0
18423,0
17518,0
17330,0
19011,0
20250,0
20303,0
18642,0
20214,0
17369,0
17343,0
18473,0
18629,0
17151,0
17226,0
20159,0
20170,0
18514,0
16790,0
19122,0
17300,0
19349,0
19698,0
20087,0
20878,0
17683,0
19581,0
18947,0
18658,0
20979,0
20775,0
16892,0
21502,1
20842,0
17052,0
17515,0
19610,0
18998,0
20856,0
16717,0
21078,0
19965,0
17313,0
19066,0
18729,0
17398,0
21619,1
19025,0
20146,0
19093,0
19600,0
19039,0
18468,0
16943,0
17415,0
21584,1
19546,0
21311,0
19541,0
18365,0
19048,0
18925,0
19364,0
19414,0
18053,0
18916,0
20731,0
17612,0
19337,0
17672,0
17505,0
19533,0
20180,0
18352,0
19630,0
20960,0
17794,0
20189,0
16889,0
20896,0
21284,0
18228,0
17868,0
20353,0
17339,0
20073,0
16860,0
18810,0
18449,0
19296,0
21105,0
20749,0
19550,0
19031,0
18666,0
17734,0
19633,0
20210,0
18302,0
19235,0
20632,0
16967,0
18836,0
21200,0
21264,0
21341,0
18628,0
17879,0
20891,0
17435,0
17140,0
17865,0
19947,0
17721,0
17620,0
19164,0
18501,0
20694,0
20579,0
21205,0
18086,0
16976,0
20389,0
19116,0
16969,0
20067,0
16818,0
19705,0
16981,0
18709,0
19556,0
18323,0
18405,0
20181,0
18528,0
19572,0
19382,0
16746,0
20085,0
17170,0
20489,0
18816,0
19718,0
21136,0
21169,0
18315,0
19591,0
18326,0
19036,0
17847,0
17240,0
19472,0
17485,0
17133,0
16666,0
20738,0
17142,0
17871,0
19857,0
19836,0
18920,0
19035,0
17181,0
17787,0
17976,0
16806,0
19325,0
20391,0
19854,0
19170,0
18735,0
16692,0
18924,0
20751,0
16721,0
17194,0
21069,0
18857,0
18626,0
19376,0
21573,1
17419,0
18409,0
19662,0
16796,0
19375,0
20647,0
21138,0
19334,0
17266,0
20790,0
18395,0
21651,1
20717,0
16929,0
18946,0
19355,0
20474,0
20740,0
17549,0
17811,0
19306,0
19491,0
20761,0
18426,0
19149,0
19929,0
19239,0
17955,0
21564,1
17316,0
20119,0
17823,0
20279,0
20837,0
17159,0
17581,0
18382,0
17606,0
20654,0
16662,0
18909,0
17995,0
19535,0
19130,0
20988,0
19719,0
21324,0
18516,0
19251,0
17366,0
20271,0
19923,0
17750,0
21219,0
20171,0
19833,0
18956,0
20835,0
20780,0
20183,0
20755,0
18018,0
19393,0
20409,0
20937,0
18611,0
21319,0
20547,0
20553,0
19962,0
18128,0
19398,0
20026,0
17148,0
21041,0
19764,0
17479,0
18417,0
18114,0
17636,0
17200,0
19258,0
19171,0
21357,0
20370,0
18227,0
17457,0
20232,0
18939,0
19497,0
18235,0
21097,0
19830,0
19742,0
18380,0
21004,0
20947,0
18660,0
17870,0
19800,0
18350,0
18800,0
17653,0
20329,0
18676,0
16787,0
19901,0
20258,0
20964,0
17736,0
20477,0
17179,0
21599,1
19461,0
20562,0
17411,0
21320,0
21112,0
18771,0
19695,0
20261,0
20990,0
19216,0
19963,0
19132,0
20484,0
17825,0
18601,0
21213,0
18500,0
17048,0
17428,0
17087,0
18631,0
20767,0
16732,0
18546,0
19743,0
17878,0
19358,0
18872,0
19646,0
21049,0
21230,0
18988,0
16995,0
20528,0
18645,0
21089,0
17088,0
17831,0
18305,0
21233,0
19697,0
18381,0
20343,0
17834,0
20093,0
17550,0
18182,0
19883,0
20338,0
20955,0
19424,0
20134,0
21196,0
16931,0
20044,0
16733,0
21359,0
18084,0
21218,0
16747,0
17519,0
20427,0
21062,0
18879,0
20417,0
20211,0
18307,0
17618,0
16903,0
18042,0
20264,0
20585,0
19844,0
20660,0
21139,0
21570,1
21132,0
19410,0
17178,0
18741,0
17106,0
20275,0
18811,0
18928,0
16750,0
19822,0
16957,0
20626,0
19513,0
18610,0
18269,0
17511,0
16699,0
16773,0
18151,0
21026,0
17422,0
21015,0
19574,0
16842,0
17558,0
19107,0
17676,0
17216,0
18244,0
19997,0
21544,1
18433,0
18356,0
20880,0
16767,0
18398,0
19672,0
18154,0
18313,0
19029,0
18416,0
17611,0
19702,0
18457,0
17956,0
19438,0
21363,0
19049,0
17420,0
20058,0
20651,0
17755,0
17962,0
19412,0
19189,0
17796,0
21655,1
21194,0
20661,0
20923,0
17410,0
20614,0
16832,0
20951,0
17858,0
19360,0
17250,0
16676,0
17405,0
17256,0
20106,0
16898,0
17271,0
18569,0
21103,0
20076,0
21245,0
18451,0
19688,0
16797,0
17068,0
21155,0
20294,0
18788,0
17924,0
16822,0
21034,0
21173,0
17816,0
20502,0
17719,0
16788,0
16998,0
18277,0
19481,0
16895,0
17492,0
21227,0
20260,0
20934,0
19624,0
21505,1
20443,0
21175,0
18503,0
20521,0
20866,0
18236,0
21067,0
18125,0
18025,0
17869,0
18517,0
17763,0
19409,0
17246,0
18953,0
20140,0
20272,0
21498,1
19332,0
18562,0
21060,0
16807,0
18475,0
19463,0
17161,0
20518,0
16711,0
17452,0
17600,0
17838,0
20606,0
19802,0
17692,0
18081,0
20574,0
18715,0
18406,0
16734,0
19290,0
20877,0
17489,0
18162,0
16755,0
19622,0
18994,0
18723,0
20379,0
19421,0
20978,0
18678,0
17601,0
20917,0
18604,0
19781,0
17975,0
17507,0
17885,0
20095,0
18430,0
19711,0
17986,0
17069,0
17331,0
17873,0
20991,0
20288,0
18334,0
18476,0
19100,0
18289,0
19152,0
19051,0
20953,0
19561,0
21109,0
20039,0
18751,0
21002,0
20381,0
18523,0
17852,0
19516,0
18621,0
17813,0
20806,0
21638,1
17273,0
18120,0
17367,0
19145,0
21343,0
17560,0
19517,0
18411,0
19817,0
17114,0
19108,0
18131,0
20198,0
17326,0
20160,0
17243,0
18080,0
17887,0
18105,0
18462,0
19236,0
17862,0
21306,0
20689,0
20658,0
19266,0
18369,0
18802,0
19327,0
18683,0
18559,0
21560,1
19665,0
18092,0
17166,0
18294,0
19941,0
19609,0
19105,0
20957,0
18929,0
18038,0
17954,0
19070,0
17197,0
17065,0
20226,0
19255,0
19712,0
17693,0
19944,0
18264,0
20361,0
19499,0
19792,0
20267,0
19135,0
21585,1
17737,0
19340,0
19682,0
19304,0
19805,0
17274,0
20096,0
18452,0
19985,0
21515,1
17913,0
21081,0
18884,0
19977,0
20992,0
19474,0
20270,0
20912,0
19034,0
16743,0
17706,0
19199,0
20464,0
21650,1
17051,0
21590,1
19411,0
18744,0
17319,0
20380,0
16775,0
18344,0
18400,0
21128,0
21571,1
17805,0
19417,0
17660,0
20330,0
17626,0
18027,0
20202,0
20323,0
17500,0
17062,0
18837,0
20972,0
16793,0
20307,0
18023,0
17634,0
20885,0
20935,0
18965,0
18397,0
18141,0
18122,0
19064,0
20617,0
17786,0
16927,0
20552,0
20182,0
18140,0
18283,0
20916,0
19869,0
17707,0
21208,0
18972,0
19784,0
19861,0
19054,0
17004,0
21072,0
19240,0
20757,0
19865,0
21345,0
17716,0
21283,0
21179,0
16974,0
21538,1
17482,0
20517,0
20616,0
17566,0
20327,0
17959,0
19951,0
18078,0
17851,0
21234,0
19166,0
17573,0
18279,0
21095,0
19842,0
20792,0
20821,0
18034,0
17668,0
20235,0
19484,0
19347,0
20897,0
17928,0
17156,0
21127,0
17417,0
17570,0
20851,0
16811,0
17793,0
17944,0
17665,0
20876,0
19659,0
17116,0
18211,0
21270,0
20207,0
18930,0
18787,0
18753,0
19260,0
18681,0
17613,0
20588,0
16886,0
21561,1
16982,0
21522,1
19154,0
18954,0
19765,0
21511,1
17545,0
16959,0
18383,0
17914,0
20340,0
20648,0
17733,0
17510,0
21642,1
17471,0
18646,0
21239,0
18615,0
17490,0
21313,0
17355,0
20390,0
19968,0
20436,0
21293,0
21229,0
19707,0
17539,0
17353,0
19178,0
20925,0
20522,0
21360,0
21339,0
19504,0
18008,0
20831,0
17689,0
20311,0
17864,0
16758,0
19128,0
20860,0
19489,0
16910,0
18076,0
16824,0
21108,0
19127,0
18200,0
16723,0
20500,0
18408,0
20512,0
19273,0
20795,0
18757,0
21018,0
18655,0
18110,0
19619,0
21537,1
21558,1
16966,0
16999,0
20139,0
17185,0
19521,0
19197,0
17050,0
21576,1
19966,0
17445,0
21172,0
20006,0
18024,0
16659,0
19028,0
17836,0
17698,0
16664,0
18205,0
20663,0
18454,0
21263,0
20003,0
21308,0
20326,0
20829,0
17284,0
18822,0
21099,0
16826,0
17644,0
21653,1
18984,0
17961,0
19069,0
17317,0
16902,0
21082,0
19910,0
21016,0
20151,0
21091,0
20351,0
20859,0
16997,0
17639,0
18263,0
18246,0
19348,0
17578,0
17033,0
17083,0
17086,0
20255,0
19782,0
20914,0
16915,0
20385,0
19797,0
16753,0
17186,0
17484,0
19881,0
16814,0
17792,0
21596,1
20613,0
18720,0
17301,0
21292,0
18300,0
17253,0
17555,0
18607,0
19205,0
16884,0
18247,0
20993,0
18515,0
21201,0
20545,0
19606,0
17130,0
16778,0
18987,0
17833,0
17059,0
21639,1
21659,1
18921,0
20872,0
19501,0
18444,0
21294,0
17635,0
21609,1
19083,0
19007,0
17998,0
17073,0
18413,0
20075,0
19824,0
18828,0
20280,0
16704,0
18591,0
17731,0
20131,0
19008,0
21329,0
20650,0
21574,1
17844,0
18325,0
21543,1
18951,0
18340,0
21222,0
18316,0
19919,0
18077,0
21164,0
16684,0
21178,0
20945,0
18107,0
21289,0
18456,0
19852,0
17942,0
20408,0
19211,0
17289,0
17146,0
21121,0
19471,0
18596,0
20248,0
18548,0
20154,0
18389,0
19151,0
21500,1
21232,0
17223,0
18866,0
19165,0
17346,0
19050,0
17710,0
21033,0
20213,0
20909,0
19773,0
19597,0
20645,0
19000,0
21009,0
17516,0
17101,0
17542,0
19547,0
18014,0
19457,0
19293,0
17377,0
18073,0
19324,0
16871,0
20203,0
21592,1
20870,0
17726,0
17183,0
19771,0
18112,0
20200,0
19139,0
21032,0
18952,0
20475,0
17421,0
19015,0
20773,0
19037,0
17171,0
20533,0
20796,0
17007,0
19900,0
18957,0
20004,0
18030,0
16754,0
21038,0
19882,0
17217,0
21305,0
17374,0
17463,0
16710,0
20769,0
19447,0
19793,0
17049,0
18728,0
18097,0
20833,0
20322,0
17165,0
18557,0
20847,0
20038,0
18781,0
17236,0
16858,0
20507,0
17076,0
20638,0
18043,0
19594,0
17321,0
17465,0
18420,0
21510,1
17336,0
17287,0
18355,0
21301,0
16934,0
20774,0
20009,0
20335,0
21547,1
18204,0
21166,0
18736,0
17735,0
19636,0
16937,0
18907,0
18784,0
20983,0
20696,0
20419,0
19208,0
17241,0
21045,0
20376,0
17661,0
17015,0
20921,0
18981,0
21297,0
18415,0
19133,0
20869,0
18455,0
17696,0
21326,0
19926,0
18990,0
17164,0
20737,0
18625,0
20407,0
21185,0
18762,0
20908,0
19042,0
17099,0
19647,0
20762,0
18363,0
18661,0
20191,0
19380,0
17576,0
17215,0
21156,0
20888,0
20968,0
19249,0
18765,0
19408,0
17438,0
19232,0
19285,0
20216,0
17450,0
19557,0
20631,0
18467,0
18222,0
17020,0
20399,0
17622,0
17018,0
19683,0
21336,0
21020,0
18348,0
20601,0
18561,0
17138,0
20356,0
18168,0
18750,0
19661,0
19023,0
18682,0
18914,0
17569,0
17937,0
18841,0
20175,0
16690,0
17882,0
17089,0
19700,0
16764,0
17945,0
17681,0
19989,0
20301,0
21530,1
20177,0
18082,0
19693,0
19955,0
18017,0
18133,0
16827,0
20605,0
21349,0
17703,0
19268,0
18461,0
20481,0
18190,0
19136,0
16825,0
20544,0
17000,0
20867,0
17345,0
19442,0
17022,0
19577,0
21362,0
18232,0
17671,0
20889,0
17268,0
17383,0
17777,0
17160,0
18176,0
18579,0
20097,0
20768,0
19312,0
21053,0
18121,0
21548,1
19827,0
17993,0
18317,0
18648,0
21007,0
18796,0
20321,0
16876,0
21316,0
20440,0
18138,0
17481,0
18606,0
18897,0
19551,0
17299,0
21338,0
19202,0
18148,0
18511,0
17462,0
19436,0
20907,0
17694,0
17757,0
21304,0
21088,0
21054,0
16677,0
17950,0
20185,0
18054,0
18328,0
18013,0
20448,0
19418,0
19749,0
16776,0
19687,0
20086,0
17047,0
19426,0
20206,0
17587,0
16679,0
17632,0
19999,0
21286,0
18513,0
18119,0
20415,0
19391,0
20145,0
21652,1
19587,0
17212,0
21266,0
21022,0
16837,0
20227,0
20120,0
17972,0
16970,0
21252,0
19291,0
20719,0
18861,0
17232,0
17934,0
18959,0
17363,0
21615,1
18020,0
17524,0
19092,0
17916,0
21334,0
18186,0
18144,0
19906,0
20636,0
17296,0
19589,0
18926,0
19009,0
19632,0
19694,0
17577,0
20871,0
18298,0
21025,0
19109,0
19462,0
18496,0
18906,0
16961,0
20354,0
18958,0
18650,0
19115,0
20266,0
18706,0
17402,0
18718,0
20705,0
18703,0
20049,0
21524,1
18960,0
19888,0
21181,0
18574,0
19265,0
20998,0
20104,0
18938,0
18164,0
16694,0
19017,0
18075,0
18347,0
20382,0
18725,0
19289,0
16777,0
21111,0
19488,0
19877,0
19223,0
19099,0
20564,0
21501,1
16660,0
18391,0
18521,0
20900,0
18839,0
20190,0
20453,0
18335,0
20133,0
20282,0
19994,0
19469,0
20192,0
16904,0
17557,0
17290,0
20011,0
18584,0
19475,0
20971,0
16706,0
17723,0
17144,0
18551,0
17541,0
17496,0
16979,0
18508,0
16939,0
19057,0
17767,0
21215,0
18878,0
17188,0
17906,0
19761,0
17607,0
20196,0
19960,0
20130,0
20959,0
19928,0
17562,0
18484,0
17267,0
20589,0
20997,0
18286,0
17895,0
18743,0
19010,0
18065,0
20416,0
18431,0
18680,0
19991,0
21037,0
17162,0
16735,0
19576,0
18225,0
19714,0
20746,0
18386,0
18910,0
21494,1
17772,0
19073,0
18882,0
18195,0
20278,0
21285,0
20805,0
21528,1
21238,0
20492,0
20799,0
18116,0
19001,0
18036,0
18888,0
16839,0
17066,0
18445,0
19261,0
20080,0
20253,0
19639,0
18801,0
18492,0
17063,0
18094,0
18803,0
20807,0
19080,0
18428,0
21583,1
19656,0
21613,1
18670,0
19571,0
20332,0
17502,0
20341,0
17439,0
16944,0
20723,0
18139,0
20371,0
20018,0
20563,0
16882,0
17775,0
20328,0
20848,0
20887,0
20501,0
17590,0
17964,0
21565,1
21008,0
16795,0
20494,0
17460,0
21137,0
20542,0
19663,0
19952,0
17211,0
19747,0
18711,0
19927,0
21199,0
17808,0
18585,0
17832,0
17320,0
19578,0
20994,0
17277,0
20010,0
18842,0
21249,0
18147,0
18823,0
16714,0
17891,0
18479,0
21504,1
18854,0
21534,1
19234,0
20236,0
21256,0
20123,0
20331,0
19880,0
17827,0
18242,0
18402,0
19655,0
19758,0
17441,0
19155,0
21641,1
19187,0
19212,0
21290,0
18412,0
18948,0
18237,0
17933,0
20438,0
19596,0
20005,0
19281,0
16668,0
19094,0
19674,0
17123,0
18550,0
17800,0
18667,0
16725,0
17538,0
20056,0
19123,0
18726,0
21287,0
20091,0
19790,0
18564,0
20471,0
16846,0
20029,0
20052,0
17718,0
19027,0
17145,0
21150,0
21259,0
19450,0
20633,0
19024,0
17442,0
17446,0
17043,0
18518,0
16720,0
20201,0
20788,0
20607,0
21624,1
17586,0
19209,0
18623,0
21206,0
19916,0
19454,0
17322,0
17344,0
21086,0
19870,0
16890,0
17892,0
19495,0
19828,0
18357,0
20635,0
20229,0
18996,0
17361,0
21552,1
17341,0
20928,0
19143,0
18859,0
20149,0
19885,0
18201,0
16950,0
21507,1
16887,0
20551,0
17075,0
20405,0
21607,1
17659,0
21055,0
18535,0
16983,0
18697,0
17740,0
20669,0
17333,0
19849,0
19276,0
20644,0
17614,0
18555,0
20317,0
16980,0
16771,0
18985,0
16669,0
19816,0
17172,0
17742,0
19319,0
18745,0
20319,0
19709,0
18041,0
18976,0
17176,0
17936,0
19892,0
20383,0
18046,0
19717,0
20886,0
19725,0
18157,0
19278,0
18593,0
20161,0
17003,0
20397,0
18537,0
20693,0
17630,0
20424,0
16812,0
18506,0
16863,0
18314,0
20461,0
19814,0
20975,0
18275,0
20568,0
18727,0
16988,0
19878,0
17651,0
21212,0
18798,0
19525,0
21632,1
17291,0
17574,0
18545,0
17874,0
18782,0
21557,1
19612,0
20664,0
17401,0
18974,0
20465,0
18698,0
20204,0
18037,0
18466,0
17418,0
20388,0
17397,0
17324,0
17824,0
21198,0
20787,0
17743,0
21221,0
17436,0
18281,0
20550,0
17304,0
17227,0
21110,0
19331,0
20320,0
19102,0
19482,0
17016,0
20152,0
17044,0
21154,0
19465,0
16685,0
20893,0
16973,0
19229,0
21355,0
18919,0
17883,0
17350,0
17512,0
18778,0
17497,0
18791,0
18280,0
17633,0
19295,0
18688,0
20940,0
20843,0
19432,0
17318,0
18257,0
20915,0
17248,0
19832,0
18499,0
20785,0
18824,0
16804,0
17712,0
19288,0
18918,0
20862,0
17359,0
19812,0
18975,0
20594,0
21210,0
19089,0
20890,0
19713,0
19310,0
19539,0
19652,0
17163,0
16945,0
19161,0
17115,0
16954,0
17921,0
20368,0
20283,0
21340,0
18582,0
19699,0
17180,0
18955,0
21520,1
18085,0
19279,0
18902,0
20881,0
20497,0
21021,0
16695,0
18127,0
19204,0
18088,0
19032,0
17705,0
20219,0
19126,0
18790,0
18860,0
19975,0
19466,0
19586,0
17674,0
18331,0
18677,0
20284,0
19385,0
21637,1
18578,0
16861,0
17370,0
17631,0
18966,0
18633,0
20706,0
19922,0
16658,0
21315,0
20437,0
20569,0
17168,0
20122,0
16965,0
21527,1
21254,0
20822,0
19511,0
17427,0
20485,0
17467,0
19247,0
21145,0
17533,0
18873,0
21192,0
19420,0
21303,0
18634,0
20566,0
17459,0
17835,0
18766,0
18934,0
17717,0
16993,0
20136,0
18817,0
20834,0
17989,0
21217,0
20046,0
19467,0
21300,0
17990,0
18819,0
17791,0
20315,0
18589,0
19114,0
20014,0
20666,0
20002,0
17709,0
20456,0
21268,0
20166,0
17328,0
20074,0
17473,0
17054,0
18572,0
18630,0
19429,0
20150,0
20000,0
18977,0
20254,0
20941,0
20620,0
20451,0
17547,0
18255,0
18804,0
20783,0
21644,1
19435,0
19970,0
17682,0
21566,1
18932,0
17464,0
18704,0
17855,0
18223,0
18794,0
20984,0
20078,0
19570,0
21190,0
16823,0
18067,0
18370,0
21654,1
18372,0
20845,0
19726,0
20759,0
17580,0
21327,0
16885,0
18575,0
21278,0
17648,0
17554,0
18489,0
18226,0
19111,0
18913,0
18943,0
19004,0
16992,0
18858,0
16958,0
17677,0
16994,0
20094,0
17929,0
19872,0
21342,0
17495,0
19565,0
18011,0
17798,0
17120,0
17894,0
19651,0
19537,0
21052,0
21065,0
18337,0
19858,0
18592,0
20314,0
17026,0
19732,0
21356,0
21656,1
17905,0
20061,0
19746,0
20105,0
17262,0
20454,0
21093,0
20028,0
20810,0
19618,0
19456,0
18216,0
19076,0
17131,0
19112,0
17242,0
18095,0
20367,0
18256,0
20732,0
18197,0
19243,0
17038,0
21176,0
21603,1
19813,0
17979,0
19329,0
18309,0
18644,0
18915,0
21272,0
21120,0
19224,0
18366,0
16907,0
20520,0
17609,0
20554,0
19939,0
18009,0
21253,0
20791,0
20573,0
17372,0
17451,0
21562,1
20132,0
18486,0
20939,0
17628,0
19443,0
21262,0
20125,0
17568,0
19803,0
19058,0
18438,0
18652,0
17604,0
19829,0
17556,0
17298,0
18668,0
21593,1
17802,0
16989,0
18505,0
19675,0
20358,0
18565,0
20598,0
18586,0
20967,0
17107,0
19620,0
19971,0
16716,0
18529,0
18774,0
17610,0
18671,0
19369,0
17724,0
18308,0
20089,0
20444,0
21499,1
21525,1
19131,0
19569,0
19162,0
17663,0
18447,0
18785,0
20863,0
17697,0
17124,0
18410,0
17790,0
17257,0
17074,0
17141,0
17708,0
19019,0
17325,0
16749,0
16848,0
17113,0
19978,0
17208,0
21211,0
17476,0
19134,0
19780,0
16952,0
20556,0
20187,0
20147,0
17854,0
17391,0
20565,0
20369,0
17406,0
19061,0
18993,0
19267,0
20429,0
21542,1
20082,0
20530,0
16808,0
18142,0
16740,0
17167,0
17938,0
19640,0
19893,0
21513,1
18614,0
17009,0
20292,0
20933,0
20577,0
20525,0
20853,0
21587,1
18708,0
17409,0
16686,0
19335,0
19853,0
19595,0
17535,0
19055,0
17380,0
19723,0
19902,0
20441,0
19077,0
19534,0
21118,0
17537,0
16922,0
20510,0
19144,0
16875,0
17738,0
17191,0
19371,0
17499,0
20162,0
20372,0
19441,0
19750,0
17925,0
18179,0
16930,0
20487,0
19377,0
17272,0
16712,0
21187,0
20741,0
18848,0
18632,0
19582,0
21246,0
18754,0
18072,0
17812,0
20919,0
16877,0
17953,0
19297,0
19757,0
17592,0
21135,0
21183,0
20861,0
18937,0
18178,0
21277,0
21648,1
17147,0
18536,0
18534,0
21126,0
20048,0
17230,0
19476,0
17210,0
16862,0
19986,0
17543,0
18059,0
16765,0
17764,0
20268,0
19603,0
17426,0
20676,0
20722,0
18007,0
17454,0
16672,0
21096,0
16873,0
21330,0
18150,0
17404,0
19626,0
19959,0
18387,0
20251,0
18721,0
18341,0
17985,0
19207,0
19218,0
19351,0
20608,0
17784,0
21147,0
20273,0
17758,0
19924,0
20649,0
20100,0
19206,0
19280,0
17675,0
16853,0
17966,0
17667,0
19942,0
19370,0
16834,0
18060,0
17477,0
18880,0
19953,0
19544,0
20652,0
18877,0
17781,0
17351,0
16760,0
17815,0
18203,0
18616,0
19159,0
20540,0
19194,0
19848,0
18221,0
21077,0
16802,0
17072,0
18342,0
20081,0
19979,0
17094,0
21598,1
20531,0
21019,0
20228,0
19169,0
19903,0
20363,0
17720,0
20685,0
17520,0
17922,0
17228,0
20337,0
21029,0
17803,0
20199,0
19341,0
17591,0
21265,0
19505,0
20496,0
18737,0
17035,0
19040,0
20435,0
18180,0
20596,0
19368,0
19458,0
17567,0
18230,0
19356,0
17666,0
19006,0
18992,0
19798,0
19427,0
21622,1
16670,0
18713,0
20715,0
20884,0
20128,0
17747,0
18849,0
19228,0
19389,0
18896,0
21516,1
20378,0
18050,0
20708,0
19524,0
20491,0
17213,0
17008,0
20702,0
16663,0
16752,0
21288,0
20355,0
17982,0
17029,0
18651,0
17619,0
19685,0
21531,1
19543,0
19559,0
20493,0
20846,0
17795,0
19192,0
16941,0
20066,0
19753,0
17111,0
20973,0
20622,0
21608,1
18870,0
20077,0
19542,0
19230,0
19990,0
17265,0
19174,0
18869,0
19668,0
19314,0
19838,0
19779,0
17276,0
18061,0
19629,0
20033,0
17837,0
17771,0
21578,1
20001,0
20825,0
18530,0
16899,0
16762,0
20306,0
19195,0
18732,0
18964,0
20449,0
17860,0
18198,0
18600,0
20781,0
17085,0
20090,0
16881,0
17305,0
19943,0
17817,0
16838,0
17425,0
20770,0
19920,0
18577,0
17199,0
18252,0
16813,0
17399,0
16731,0
18730,0
20498,0
19352,0
18427,0
21627,1
17486,0
17193,0
19242,0
17231,0
17187,0
17469,0
19507,0
20208,0
20155,0
18927,0
18333,0
19911,0
19022,0
17992,0
17279,0
19625,0
21569,1
19063,0
20590,0
19783,0
17754,0
18047,0
20747,0
17927,0
17890,0
18502,0
17342,0
18608,0
21079,0
17685,0
17662,0
19791,0
20269,0
18488,0
20852,0
18491,0
17528,0
18539,0
20069,0
20167,0
19913,0
18560,0
20483,0
16774,0
21251,0
19217,0
16948,0
17967,0
17840,0
18100,0
20467,0
20575,0
18208,0
19431,0
20710,0
18892,0
18481,0
21508,1
17638,0
17443,0
17526,0
17222,0
18069,0
19088,0
21276,0
20047,0
21616,1
17853,0
19593,0
19734,0
19087,0
17311,0
21621,1
19889,0
20946,0
20823,0
17356,0
20942,0
17857,0
20223,0
16821,0
21492,1
16911,0
20285,0
18734,0
20901,0
16683,0
18813,0
19845,0
17098,0
18106,0
17196,0
19631,0
21224,0
20571,0
18390,0
21279,0
17780,0
16772,0
19721,0
19002,0
17400,0
19056,0
18684,0
16801,0
16680,0
19300,0
20580,0
18239,0
21162,0
19660,0
19528,0
18945,0
19459,0
18512,0
20055,0
17799,0
20811,0
19486,0
21006,0
17859,0
20929,0
21617,1
19188,0
20428,0
18809,0
19607,0
18599,0
21586,1
19168,0
17202,0
18886,0
20868,0
19835,0
17551,0
20019,0
19949,0
20455,0
20801,0
18889,0
19003,0
18463,0
20265,0
17108,0
18967,0
20595,0
19246,0
18963,0
21348,0
16739,0
19972,0
18827,0
17896,0
19129,0
20068,0
17744,0
20053,0
18556,0
17096,0
20406,0
16678,0
19075,0
17546,0
16665,0
17195,0
18056,0
21240,0
17773,0
17670,0
20516,0
21595,1
17024,0
20734,0
17229,0
17286,0
19125,0
17647,0
20059,0
17021,0
16987,0
16751,0
19084,0
18818,0
20591,0
17041,0
17487,0
20529,0
20490,0
20965,0
17582,0
21550,1
20188,0
18598,0
21629,1
20458,0
19173,0
20098,0
20129,0
18637,0
18833,0
21514,1
19645,0
17493,0
19948,0
19451,0
19644,0
16816,0
21073,0
19342,0
16951,0
21556,1
18332,0
20927,0
21322,0
20387,0
20221,0
21012,0
17572,0
21242,0
19650,0
20640,0
20735,0
19769,0
20316,0
17919,0
17646,0
20873,0
21119,0
19818,0
17888,0
19323,0
20634,0
21523,1
20581,0
16831,0
18171,0
19860,0
17126,0
19601,0
19183,0
21186,0
19613,0
17997,0
17010,0
20776,0
20194,0
18887,0
21104,0
20713,0
20584,0
20864,0
18432,0
20325,0
17387,0
20468,0
21302,0
20559,0
19147,0
18603,0
18571,0
19909,0
20527,0
18213,0
18747,0
18989,0
18553,0
19479,0
19005,0
21634,1
21235,0
19318,0
19096,0
18507,0
17850,0
17658,0
17396,0
20895,0
19641,0
17347,0
19317,0
17014,0
19634,0
21170,0
19917,0
16748,0
16667,0
19302,0
21255,0
21509,1
21555,1
20079,0
17468,0
18324,0
19407,0
19992,0
17340,0
18594,0
16700,0
21291,0
18755,0
20036,0
20736,0
19222,0
20910,0
21098,0
19386,0
20421,0
20217,0
18797,0
21243,0
17700,0
18437,0
18209,0
17260,0
18207,0
20684,0
18407,0
16789,0
16800,0
20499,0
19918,0
19321,0
20249,0
18485,0
16901,0
19326,0
20687,0
21646,1
16702,0
18540,0
20695,0
17899,0
18995,0
18944,0
21344,0
17251,0
17946,0
20625,0
18123,0
16817,0
18768,0
18311,0
16906,0
21057,0
20246,0
19875,0
18393,0
18844,0
18807,0
16809,0
17728,0
17741,0
17821,0
20943,0
19313,0
18058,0
19043,0
19428,0
18419,0
18033,0
18901,0
20904,0
20766,0
17669,0
21495,1
19275,0
19787,0
18868,0
18696,0
20256,0
20599,0
18783,0
17472,0
20433,0
16894,0
17783,0
19884,0
19689,0
17337,0
17684,0
20318,0
21591,1
17584,0
21601,1
17947,0
21168,0
19439,0
17478,0
21204,0
19270,0
20015,0
18613,0
17842,0
17149,0
16869,0
18881,0
20296,0
17880,0
19733,0
18322,0
18612,0
20310,0
20174,0
20982,0
20508,0
18312,0
19871,0
19016,0
20459,0
16792,0
20724,0
20124,0
19598,0
16737,0
20932,0
21331,0
17093,0
18282,0
17641,0
18961,0
21496,1
19120,0
17867,0
21658,1
19400,0
17732,0
20683,0
20234,0
18922,0
19567,0
20348,0
17565,0
19936,0
20045,0
17233,0
19996,0
19855,0
18049,0
17480,0
18175,0
21113,0
20515,0
19196,0
20621,0
19866,0
21493,1
17701,0
17762,0
21365,0
19210,0
19021,0
19185,0
20519,0
19074,0
19615,0
19033,0
19425,0
18436,0
19283,0
17315,0
21177,0
18270,0
20812,0
20230,0
20184,0
21074,0
17412,0
19392,0
18373,0
20300,0
19935,0
17514,0
17804,0
17988,0
19464,0
21223,0
18647,0
20883,0
18274,0
16897,0
18618,0
21554,1
16925,0
20342,0
20414,0
18048,0
18194,0
17118,0
20879,0
18362,0
18019,0
20830,0
19658,0
19180,0
21107,0
17970,0
21152,0
21625,1
20299,0
18853,0
21491,1
18752,0
20615,0
19767,0
20977,0
18159,0
17386,0
18210,0
18605,0
18983,0
16932,0
17252,0
16681,0
19142,0
17238,0
19286,0
16782,0
16935,0
17920,0
18443,0
20022,0
17027,0
17154,0
18351,0
19575,0
18003,0
17746,0
20099,0
20712,0
18028,0
18597,0
21027,0
20298,0
16938,0
21133,0
20686,0
20742,0
17593,0
20555,0
17129,0
17293,0
17908,0
18999,0
18657,0
17889,0
20359,0
16964,0
20969,0
16819,0
17617,0
20778,0
21605,1
17886,0
19823,0
21046,0
19082,0
17095,0
19191,0
17629,0
21328,0
19378,0
19744,0
19013,0
19322,0
20277,0
19741,0
17643,0
16866,0
20699,0
21203,0
19156,0
16850,0
20657,0
21295,0
20758,0
16953,0
18739,0
18359,0
20679,0
20309,0
18152,0
19731,0
18542,0
19527,0
19891,0
17748,0
17491,0
16985,0
18167,0
20963,0
20237,0
21064,0
18115,0
19796,0
19103,0
18132,0
17897,0
19397,0
16926,0
20050,0
16730,0
19020,0
17702,0
16770,0
18780,0
16870,0
18160,0
19930,0
19686,0
20121,0
16914,0
21321,0
20281,0
21165,0
18775,0
18602,0
18777,0
20674,0
18689,0
18378,0
19786,0
21151,0
19605,0
18422,0
17306,0
17303,0
19772,0
19868,0
16835,0
20662,0
19590,0
18474,0
21036,0
17109,0
19690,0
19203,0
19444,0
20698,0
17308,0
17447,0
17403,0
21189,0
20025,0
17174,0
19395,0
19361,0
19141,0
17843,0
19508,0
21307,0
21080,0
20604,0
17125,0
18367,0
20295,0
18238,0
17012,0
19437,0
18772,0
19250,0
16868,0
18570,0
21011,0
20156,0
17433,0
19079,0
17189,0
20583,0
19957,0
16909,0
20911,0
19637,0
20163,0
17770,0
18831,0
17536,0
21630,1
19973,0
18404,0
20112,0
17814,0
17112,0
17877,0
18710,0
21281,0
20462,0
17278,0
18852,0
17019,0
18339,0
18418,0
18722,0
20117,0
20815,0
20913,0
17090,0
17910,0
16738,0
16727,0
20523,0
19774,0
16857,0
21063,0
19233,0
17943,0
21260,0
19406,0
17778,0
16829,0
17501,0
18066,0
21318,0
17785,0
17001,0
18349,0
16698,0
20482,0
18254,0
16707,0
18673,0
20892,0
19470,0
19599,0
18376,0
18368,0
17829,0
19433,0
21149,0
16786,0
18936,0
18636,0
17218,0
20021,0
21633,1
20411,0
18933,0
19068,0
18563,0
18700,0
20797,0
18458,0
17155,0
18786,0
18738,0
19046,0
19493,0
20142,0
17204,0
17981,0
21083,0
17368,0
17225,0
18384,0
20439,0
19573,0
21337,0
18161,0
18541,0
19673,0
19563,0
18587,0
21160,0
18439,0
20828,0
18876,0
17416,0
20472,0
19480,0
19846,0
19745,0
19867,0
20546,0
20395,0
17699,0
18483,0
17294,0
20470,0
20548,0
16864,0
18385,0
20239,0
18749,0
20865,0
18846,0
20071,0
18361,0
21123,0
20800,0
18692,0
17067,0
20609,0
17220,0
18098,0
21296,0
18278,0
17788,0
20930,0
20567,0
19890,0
18193,0
17673,0
21180,0
21594,1
19998,0
18196,0
21540,1
20962,0
17598,0
19175,0
20804,0
19886,0
20420,0
19416,0
17963,0
17258,0
18495,0
17449,0
19065,0
18137,0
18982,0
19648,0
19585,0
16697,0
18155,0
18191,0
20460,0
17525,0
20745,0
16805,0
18129,0
17875,0
19795,0
17789,0
18899,0
21310,0
16865,0
19271,0
16715,0
20716,0
18460,0
20677,0
19958,0
19172,0
18497,0
18890,0
18840,0
17203,0
19736,0
20092,0
18288,0
19401,0
17110,0
17362,0
17036,0
20729,0
20733,0
19553,0
21115,0
17128,0
21533,1
17483,0
18145,0
20495,0
19993,0
19669,0
17136,0
20064,0
20432,0
18330,0
19118,0
19676,0
17414,0
19333,0
18714,0
16984,0
20802,0
17655,0
21161,0
21236,0
19666,0
18903,0
17175,0
19679,0
19897,0
19477,0
18624,0
18761,0
17249,0
19311,0
20857,0
20144,0
21521,1
20032,0
17968,0
20779,0
17923,0
19362,0
19754,0
20593,0
20422,0
17327,0
19215,0
21134,0
19980,0
21000,0
19148,0
19090,0
20215,0
19984,0
16990,0
19390,0
16947,0
21031,0
17143,0
18299,0
17423,0
20158,0
21271,0
21581,1
18040,0
20478,0
21075,0
20532,0
19167,0
18262,0
19485,0
17624,0
18509,0
17461,0
20377,0
21323,0
18566,0
20043,0
16921,0
18394,0
16766,0
16844,0
20084,0
19106,0
21549,1
18276,0
17820,0
18665,0
19292,0
20924,0
17269,0
18063,0
16736,0
18911,0
19095,0
16900,0
18354,0
20827,0
20701,0
18377,0
20628,0
17935,0
19961,0
20691,0
20396,0
16918,0
19843,0
17903,0
17508,0
18940,0
17205,0
17948,0
19904,0
17704,0
19198,0
20721,0
18760,0
19231,0
19568,0
21087,0
21526,1
18695,0
17448,0
21503,1
20814,0
17588,0
17656,0
17381,0
20486,0
20503,0
19502,0
16705,0
20116,0
21636,1
19946,0
19532,0
17378,0
18234,0
17534,0
20452,0
21024,0
20334,0
20950,0
21184,0
19940,0
18459,0
17348,0
18968,0
18192,0
20511,0
18296,0
17360,0
18687,0
16701,0
17394,0
19617,0
19387,0
17173,0
20031,0
20324,0
17695,0
19492,0
17182,0
18643,0
19256,0
18834,0
19520,0
19653,0
21193,0
20186,0
20850,0
20302,0
18001,0
20678,0
18904,0
20446,0
19654,0
17119,0
16780,0
19638,0
20110,0
17434,0
19691,0
18004,0
16757,0
17561,0
19954,0
20054,0
21614,1
18421,0
20668,0
18052,0
16657,0
16991,0
18102,0
18310,0
18588,0
20976,0
19810,0
20711,0
21572,1
19496,0
17608,0
18149,0
20179,0
21003,0
20392,0
18320,0
21130,0
19684,0
18251,0
20035,0
20600,0
18554,0
20673,0
21354,0
20126,0
21582,1
16917,0
18268,0
21299,0
19588,0
18068,0
17540,0
20259,0
17760,0
17102,0
19225,0
17917,0
21589,1
18295,0
19455,0
19692,0
18005,0
20102,0
17224,0
20252,0
21131,0
17686,0
17898,0
18371,0
19257,0
17338,0
21010,0
18669,0
17969,0
19430,0
20362,0
21014,0
18908,0
20808,0
19419,0
21059,0
18895,0
17861,0
18845,0
17028,0
19512,0
18893,0
17310,0
18871,0
17263,0
16975,0
18051,0
20996,0
17807,0
18576,0
21358,0
20697,0
17077,0
18662,0
18931,0
18032,0
21047,0
18838,0
17521,0
18835,0
17866,0
17839,0
18724,0
20725,0
18319,0
17061,0
16709,0
19014,0
19837,0
18504,0
18776,0
20597,0
17761,0
20874,0
21066,0
17907,0
16920,0
18843,0
17930,0
18104,0
18923,0
18285,0
17679,0
17597,0
17774,0
17503,0
20789,0
20690,0
20655,0
19806,0
21030,0
18026,0
19252,0
18653,0
20944,0
17952,0
21125,0
19608,0
17960,0
16840,0
19580,0
19862,0
19584,0
18189,0
16963,0
19974,0
19396,0
20400,0
18900,0
19179,0
18477,0
18825,0
21051,0
17122,0
18659,0
21106,0
20023,0
19921,0
18453,0
17127,0
19756,0
19670,0
17909,0
19766,0
17078,0
16845,0
19908,0
21280,0
17011,0
17642,0
21606,1
18679,0
19879,0
18830,0
21001,0
19345,0
17393,0
20114,0
21273,0
20949,0
20257,0
20535,0
17509,0
17730,0
18694,0
19579,0
18874,0
20426,0
19402,0
18532,0
17031,0
20549,0
17517,0
15092,1
14171,1
12900,1
16499,1
16122,1
15157,1
13536,1
14194,1
15667,1
15496,1
12854,1
14441,1
14707,1
14558,1
13709,1
15509,1
14137,1
14841,1
13153,1
13199,1
14341,1
13190,1
12676,1
13184,1
14172,1
12779,1
21398,1
13293,1
15158,1
12812,1
15606,1
15955,1
14851,1
14859,1
13001,1
16212,1
12792,1
16652,1
15396,1
13878,1
15060,1
16182,1
15675,1
16003,1
14238,1
16159,1
12879,1
13524,1
15036,1
15630,1
14228,1
15829,1
16314,1
13350,1
16131,1
16408,1
15042,1
16543,1
16638,1
15212,1
12696,1
13219,1
16273,1
14406,1
13393,1
14022,1
13112,1
14600,1
13179,1
14471,1
16382,1
14734,1
15138,1
12691,1
14500,1
16193,1
14746,1
13781,1
12905,1
13216,1
16034,1
14923,1
16363,1
13501,1
12708,1
16101,1
14510,1
13232,1
15370,1
14729,1
16272,1
15058,1
13120,1
15265,1
14167,1
16338,1
13692,1
12930,1
13693,1
14995,1
13990,1
13749,1
16134,1
14279,1
13255,1
13756,1
12911,1
14095,1
14908,1
15089,1
14011,1
14136,1
14191,1
15359,1
16241,1
16500,1
15557,1
12983,1
16470,1
14921,1
15469,1
21387,1
14808,1
14491,1
14046,1
15840,1
14265,1
15501,1
13145,1
14017,1
16299,1
21474,1
15736,1
15798,1
12915,1
13522,1
12667,1
15683,1
14296,1
14799,1
12891,1
13807,1
16151,1
12798,1
14423,1
14847,1
14454,1
16600,1
14899,1
15104,1
13936,1
21381,1
13640,1
16487,1
13760,1
16295,1
13814,1
13147,1
12962,1
13834,1
16289,1
15692,1
16092,1
15587,1
14635,1
16163,1
13489,1
12975,1
16142,1
13661,1
13055,1
16089,1
15311,1
15030,1
14113,1
16505,1
12935,1
15207,1
14687,1
15827,1
14570,1
13895,1
14810,1
13434,1
15473,1
13645,1
15302,1
12931,1
14079,1
14875,1
14630,1
14745,1
14253,1
12816,1
16367,1
14426,1
14462,1
16518,1
12882,1
14512,1
15588,1
14701,1
15453,1
13405,1
14968,1
13054,1
14221,1
15186,1
12892,1
15266,1
14925,1
14825,1
16401,1
13437,1
21407,1
15794,1
16358,1
15723,1
15918,1
15101,1
14973,1
13186,1
14750,1
16565,1
13941,1
15531,1
13064,1
13037,1
16648,1
14443,1
12780,1
12846,1
14446,1
16284,1
14575,1
14181,1
21469,1
14314,1
12954,1
16356,1
13418,1
15801,1
14943,1
14125,1
16084,1
15528,1
12845,1
12843,1
15920,1
14114,1
13445,1
13770,1
14368,1
15360,1
14584,1
15881,1
12756,1
16486,1
14812,1
16286,1
16359,1
16230,1
15744,1
13479,1
16340,1
15298,1
14447,1
15724,1
15297,1
15179,1
15432,1
13052,1
14413,1
16066,1
15310,1
15847,1
15727,1
15777,1
15850,1
13256,1
15700,1
13051,1
12777,1
15271,1
16119,1
13596,1
15167,1
16636,1
13109,1
15325,1
15301,1
16381,1
15174,1
14282,1
15236,1
13785,1
14782,1
13790,1
15440,1
16180,1
13687,1
14527,1
13680,1
21402,1
13652,1
16130,1
15976,1
14615,1
21441,1
14016,1
15560,1
14886,1
15757,1
21420,1
14376,1
16472,1
15690,1
13973,1
12707,1
12887,1
13721,1
15391,1
14688,1
13913,1
15134,1
15927,1
14739,1
12702,1
14604,1
16032,1
15824,1
15171,1
15494,1
15133,1
12791,1
15340,1
14229,1
15880,1
13510,1
14928,1
14699,1
14231,1
14312,1
15984,1
15805,1
16082,1
12802,1
13492,1
13341,1
12697,1
14473,1
13881,1
13457,1
15652,1
13602,1
13351,1
14550,1
15361,1
14173,1
13286,1
14690,1
13917,1
13745,1
12979,1
14689,1
16571,1
13546,1
14761,1
15686,1
14477,1
12673,1
14642,1
16388,1
13380,1
15527,1
14644,1
15407,1
21434,1
14653,1
13309,1
13080,1
14076,1
12805,1
14126,1
12932,1
14986,1
15598,1
13889,1
14333,1
14881,1
13223,1
15039,1
13038,1
21476,1
13799,1
16552,1
14489,1
13702,1
13825,1
13761,1
15756,1
15262,1
13236,1
15653,1
16615,1
15822,1
13157,1
21414,1
15533,1
21406,1
15550,1
12678,1
12902,1
14551,1
14997,1
15591,1
15901,1
15221,1
14273,1
13291,1
14303,1
16068,1
12820,1
12706,1
13809,1
15189,1
13861,1
15697,1
14111,1
14840,1
15087,1
21386,1
13499,1
15717,1
16061,1
13362,1
12971,1
14664,1
14349,1
13466,1
13502,1
14217,1
13391,1
12941,1
12681,1
21401,1
13725,1
16558,1
15260,1
16313,1
13201,1
13494,1
15218,1
13497,1
14160,1
15321,1
12700,1
14072,1
13042,1
14667,1
13177,1
15343,1
15447,1
14717,1
14138,1
16026,1
16078,1
16155,1
15865,1
16644,1
14302,1
15985,1
15063,1
15999,1
13500,1
13167,1
14789,1
13743,1
15111,1
15228,1
13121,1
12814,1
15789,1
13046,1
14031,1
13503,1
14660,1
13966,1
13572,1
16347,1
15784,1
12817,1
16312,1
14872,1
13896,1
14503,1
13830,1
13383,1
14248,1
16244,1
15003,1
12680,1
15294,1
13554,1
16259,1
15334,1
15729,1
16586,1
12825,1
14255,1
15872,1
14905,1
16508,1
13647,1
14309,1
14854,1
15897,1
15581,1
15579,1
13119,1
16015,1
15695,1
13495,1
12944,1
13300,1
12810,1
14370,1
13566,1
13299,1
14920,1
15476,1
15413,1
15523,1
13078,1
14526,1
15234,1
12976,1
16211,1
13149,1
13285,1
14037,1
12952,1
16441,1
16434,1
16263,1
15759,1
16292,1
15009,1
15871,1
14918,1
15574,1
16496,1
16432,1
13551,1
13540,1
15607,1
15374,1
12934,1
16322,1
16537,1
16429,1
13660,1
12839,1
14643,1
16372,1
16542,1
16197,1
13333,1
15770,1
14187,1
13543,1
16023,1
12730,1
13928,1
16275,1
13206,1
13919,1
15597,1
14495,1
15748,1
15462,1
16315,1
16553,1
14820,1
15187,1
15477,1
15806,1
16098,1
14807,1
14148,1
16465,1
14080,1
16411,1
16016,1
15182,1
15367,1
13797,1
15741,1
14040,1
21400,1
13154,1
13230,1
15064,1
13838,1
15451,1
13118,1
13458,1
16320,1
15412,1
15033,1
13574,1
13740,1
16639,1
12875,1
15642,1
15939,1
14419,1
15737,1
14870,1
14966,1
15188,1
14391,1
16438,1
13935,1
14487,1
15444,1
21403,1
14034,1
12801,1
15571,1
15993,1
21453,1
15414,1
16437,1
14112,1
14198,1
21489,1
14579,1
16308,1
14404,1
14359,1
15398,1
13342,1
14728,1
15945,1
12858,1
16589,1
16426,1
13883,1
15963,1
12672,1
15685,1
16532,1
12919,1
15246,1
12748,1
16414,1
15688,1
14399,1
14674,1
13616,1
13892,1
14475,1
16572,1
14247,1
14015,1
15245,1
21392,1
13728,1
13452,1
16168,1
15546,1
15524,1
13843,1
21380,1
14952,1
13943,1
14301,1
21371,1
13014,1
13952,1
14586,1
14598,1
14532,1
16037,1
16597,1
13724,1
16447,1
15244,1
14885,1
13992,1
16107,1
13027,1
16217,1
14470,1
14675,1
16303,1
15055,1
14400,1
13984,1
15891,1
15238,1
12953,1
14833,1
13287,1
12783,1
13377,1
14769,1
13727,1
14482,1
14568,1
14562,1
15657,1
14384,1
15776,1
15017,1
13166,1
14655,1
16516,1
13395,1
16383,1
16009,1
13629,1
14315,1
13817,1
15328,1
13852,1
13313,1
13318,1
13371,1
13893,1
15505,1
13102,1
15677,1
16519,1
16514,1
14766,1
12984,1
14748,1
14792,1
16647,1
12709,1
13940,1
13638,1
13826,1
16433,1
13082,1
15589,1
14822,1
14310,1
15898,1
21445,1
14324,1
16588,1
13779,1
13780,1
14811,1
21373,1
13251,1
12884,1
14119,1
15418,1
14910,1
21404,1
13137,1
13191,1
14236,1
16622,1
14409,1
14836,1
12828,1
13972,1
13343,1
13098,1
15442,1
14887,1
16510,1
15290,1
15308,1
15035,1
15638,1
16293,1
16574,1
13798,1
14546,1
13621,1
16021,1
14694,1
15278,1
16036,1
15146,1
15782,1
14519,1
14723,1
15819,1
15201,1
16398,1
13345,1
14243,1
13637,1
16087,1
13800,1
13767,1
16316,1
16281,1
14395,1
13067,1
13588,1
14835,1
13532,1
13607,1
16391,1
12690,1
13641,1
14083,1
13840,1
16541,1
12969,1
12723,1
15867,1
15668,1
14184,1
15944,1
16386,1
14574,1
14227,1
14021,1
14174,1
13172,1
16200,1
14926,1
14455,1
13718,1
16269,1
15731,1
15545,1
12689,1
13358,1
12834,1
13194,1
16650,1
13772,1
15552,1
15115,1
13005,1
14044,1
15288,1
14408,1
14057,1
14652,1
16253,1
13942,1
14762,1
12921,1
12687,1
12741,1
15389,1
16417,1
15306,1
15504,1
16339,1
16357,1
16602,1
15758,1
16489,1
15264,1
15070,1
12860,1
12956,1
13898,1
21480,1
13429,1
13487,1
12868,1
21433,1
13808,1
14157,1
16461,1
16402,1
15393,1
13811,1
14572,1
14662,1
21440,1
14458,1
15351,1
13801,1
15590,1
13553,1
14718,1
14424,1
13819,1
12795,1
15037,1
15712,1
13521,1
15665,1
21442,1
12804,1
16349,1
13292,1
21370,1
15935,1
15486,1
14082,1
14493,1
15548,1
13036,1
14069,1
15475,1
14071,1
16106,1
14636,1
14205,1
12966,1
15671,1
16458,1
13948,1
14263,1
15299,1
15842,1
16305,1
13739,1
12872,1
15081,1
12728,1
16209,1
13549,1
14056,1
14528,1
13855,1
13611,1
14348,1
14380,1
16354,1
15388,1
16274,1
16446,1
12888,1
16277,1
16143,1
13523,1
21439,1
13271,1
16468,1
13125,1
15313,1
15008,1
13460,1
16129,1
16609,1
12992,1
13114,1
16118,1
13185,1
16254,1
16176,1
14613,1
15977,1
13748,1
16056,1
13747,1
13777,1
15273,1
15001,1
13961,1
15193,1
15405,1
13297,1
12806,1
14469,1
12852,1
15289,1
13636,1
15243,1
14759,1
16175,1
14027,1
14619,1
13431,1
16579,1
13132,1
14830,1
16276,1
13538,1
14930,1
15203,1
14951,1
14410,1
16523,1
13672,1
15178,1
14213,1
14725,1
13426,1
13950,1
15957,1
15235,1
21452,1
15679,1
14001,1
13575,1
15942,1
15858,1
15625,1
12743,1
14696,1
14753,1
13160,1
16070,1
16387,1
14291,1
14127,1
14547,1
13122,1
16297,1
13215,1
13128,1
13093,1
14300,1
15365,1
13076,1
13642,1
15159,1
14106,1
15209,1
16203,1
15375,1
12945,1
14488,1
13570,1
15484,1
16424,1
13217,1
12796,1
14345,1
14736,1
16645,1
15721,1
14175,1
16040,1
15316,1
15708,1
14523,1
13708,1
13558,1
16304,1
15860,1
16375,1
16173,1
15038,1
16590,1
14900,1
12948,1
16513,1
16484,1
16311,1
16222,1
16415,1
16618,1
16632,1
12885,1
14363,1
14948,1
12849,1
13188,1
14118,1
12949,1
14010,1
15208,1
15075,1
15567,1
14702,1
15519,1
15556,1
13498,1
14684,1
15949,1
13325,1
14038,1
15594,1
16649,1
15463,1
13874,1
13904,1
13003,1
15866,1
15518,1
14513,1
21385,1
15616,1
14618,1
12782,1
16038,1
13634,1
16301,1
15128,1
14089,1
16172,1
15059,1
13133,1
15242,1
14045,1
16329,1
15382,1
14549,1
12811,1
12933,1
16255,1
16039,1
15022,1
13533,1
14890,1
15471,1
15676,1
15828,1
13158,1
21462,1
14091,1
13409,1
14610,1
13666,1
13130,1
15704,1
15227,1
14961,1
15118,1
15425,1
21458,1
12732,1
15839,1
13097,1
14969,1
14418,1
13787,1
13355,1
21391,1
16238,1
13476,1
15454,1
14564,1
14115,1
16601,1
15114,1
15065,1
16635,1
13470,1
14433,1
14852,1
12864,1
12898,1
13237,1
16008,1
13356,1
12800,1
15197,1
14514,1
15304,1
15534,1
14773,1
15633,1
15229,1
13649,1
16393,1
15237,1
13557,1
12910,1
14497,1
13376,1
16480,1
15772,1
16355,1
15013,1
15507,1
14780,1
13396,1
15322,1
13414,1
15701,1
13381,1
14501,1
15230,1
15149,1
13389,1
15123,1
13353,1
14328,1
13778,1
14533,1
15177,1
15892,1
13860,1
16611,1
14162,1
15051,1
12771,1
15481,1
16325,1
16013,1
14901,1
16394,1
14354,1
14721,1
15455,1
15928,1
15113,1
13701,1
14189,1
15931,1
12670,1
14222,1
14226,1
14640,1
15783,1
14713,1
14525,1
14225,1
16321,1
15078,1
14336,1
13744,1
14641,1
13464,1
16364,1
14964,1
13336,1
13976,1
15417,1
16025,1
15996,1
21468,1
14142,1
16132,1
14178,1
21367,1
12664,1
13441,1
15962,1
15487,1
12666,1
15575,1
15223,1
14360,1
16090,1
13175,1
15746,1
13651,1
13794,1
16449,1
16248,1
15739,1
15200,1
14048,1
14848,1
14429,1
12895,1
14358,1
13659,1
13029,1
15153,1
15303,1
13484,1
15978,1
13060,1
15457,1
16060,1
16483,1
14060,1
14442,1
13818,1
13578,1
13854,1
21383,1
12878,1
15248,1
13022,1
13939,1
12788,1
12960,1
14448,1
12893,1
14998,1
13766,1
13890,1
13520,1
14019,1
21444,1
15990,1
14028,1
14139,1
13388,1
13213,1
14432,1
13859,1
16651,1
15120,1
15315,1
13568,1
15054,1
15542,1
15184,1
14539,1
12883,1
15364,1
15846,1
13831,1
16148,1
16072,1
13685,1
13218,1
14829,1
21427,1
21438,1
15426,1
13101,1
15641,1
12742,1
15336,1
13387,1
15470,1
14632,1
13867,1
16069,1
12939,1
14597,1
13329,1
16093,1
14633,1
13192,1
14706,1
13197,1
14212,1
15499,1
14373,1
15921,1
14209,1
13068,1
14020,1
12927,1
13319,1
15526,1
13432,1
16407,1
15658,1
16103,1
14893,1
13569,1
14902,1
12980,1
16256,1
16139,1
15422,1
13516,1
12692,1
16309,1
14837,1
15293,1
16294,1
15043,1
14976,1
16633,1
13399,1
13519,1
21464,1
16140,1
13847,1
13469,1
12914,1
14202,1
13347,1
14927,1
12918,1
16384,1
15046,1
14987,1
16105,1
16210,1
14691,1
14758,1
14145,1
13416,1
14517,1
13212,1
13259,1
14259,1
15838,1
16114,1
13585,1
15830,1
14350,1
15094,1
16337,1
16554,1
16196,1
15987,1
13193,1
15818,1
13087,1
15411,1
13986,1
15004,1
14472,1
12978,1
16498,1
16138,1
14992,1
21378,1
13803,1
15569,1
16091,1
12876,1
15283,1
16177,1
14907,1
14937,1
16111,1
14580,1
16418,1
13040,1
14153,1
21422,1
13925,1
16412,1
13403,1
21396,1
14611,1
12767,1
15809,1
14776,1
15648,1
13004,1
15366,1
13753,1
15909,1
14591,1
16287,1
12659,1
13671,1
13278,1
15169,1
12725,1
16181,1
15541,1
14464,1
15258,1
14290,1
14924,1
15275,1
15751,1
15086,1
15176,1
13556,1
14235,1
13754,1
15386,1
14131,1
13059,1
15535,1
13920,1
13386,1
14035,1
15139,1
14203,1
14346,1
15195,1
13828,1
15226,1
13994,1
12746,1
14421,1
15810,1
14911,1
15069,1
15482,1
15973,1
12877,1
12853,1
16568,1
14298,1
14895,1
15911,1
14871,1
21451,1
13203,1
13541,1
16419,1
13266,1
12832,1
15281,1
13490,1
15549,1
13063,1
13072,1
14353,1
16595,1
16095,1
21485,1
14530,1
14954,1
12724,1
13664,1
14892,1
13071,1
15620,1
13988,1
16146,1
14009,1
12899,1
16243,1
13670,1
14449,1
14669,1
14795,1
16506,1
16001,1
13597,1
15596,1
14685,1
15779,1
15952,1
15381,1
16507,1
13039,1
13835,1
14049,1
12881,1
15269,1
14320,1
16017,1
16531,1
16608,1
13019,1
15601,1
14436,1
13165,1
14917,1
13635,1
14936,1
13007,1
13933,1
13279,1
14834,1
12874,1
13764,1
16341,1
13985,1
15117,1
13525,1
14244,1
16368,1
16102,1
14637,1
13903,1
14659,1
13123,1
15814,1
15464,1
13829,1
14498,1
13461,1
14327,1
15870,1
16296,1
13073,1
15629,1
14251,1
14873,1
13006,1
14077,1
16327,1
13996,1
13583,1
15488,1
15767,1
21415,1
16071,1
16377,1
14123,1
14029,1
13340,1
13254,1
16630,1
15609,1
16585,1
15497,1
15709,1
15530,1
15151,1
12688,1
15919,1
13277,1
14697,1
13183,1
13529,1
14050,1
14522,1
15878,1
13700,1
13774,1
14869,1
15062,1
16123,1
13486,1
16167,1
14623,1
13189,1
14844,1
13451,1
15348,1
14868,1
13609,1
13228,1
13272,1
14394,1
13699,1
16583,1
14177,1
12772,1
14283,1
13530,1
13324,1
12896,1
14182,1
15969,1
14823,1
15211,1
21432,1
14486,1
15344,1
16549,1
15419,1
16448,1
14288,1
15511,1
12675,1
16612,1
15032,1
12761,1
15026,1
13623,1
12830,1
14086,1
16331,1
15091,1
13141,1
13178,1
12694,1
14733,1
15210,1
13813,1
16184,1
13703,1
15431,1
13741,1
15820,1
13960,1
15733,1
14716,1
15624,1
13034,1
13531,1
16442,1
14942,1
14806,1
16306,1
13265,1
16239,1
15775,1
14390,1
14819,1
13695,1
14007,1
13483,1
13514,1
15183,1
14085,1
15961,1
15855,1
14326,1
13107,1
15384,1
13576,1
16566,1
13110,1
21421,1
15116,1
13108,1
13447,1
15354,1
15562,1
14784,1
12940,1
15106,1
14607,1
13240,1
14749,1
14183,1
15410,1
13849,1
16502,1
14612,1
15790,1
14677,1
13776,1
12819,1
16031,1
13977,1
13115,1
16224,1
16491,1
16330,1
15358,1
16216,1
16546,1
15378,1
13723,1
16033,1
21455,1
15684,1
15427,1
16228,1
16310,1
14379,1
14990,1
14865,1
14670,1
16613,1
12850,1
15711,1
13905,1
15392,1
13056,1
13075,1
13882,1
13620,1
15713,1
14882,1
14589,1
16097,1
14444,1
16186,1
13864,1
16011,1
13581,1
13507,1
14614,1
15573,1
13677,1
21482,1
15377,1
15804,1
15130,1
15924,1
12848,1
14874,1
13689,1
12907,1
16389,1
13026,1
12847,1
15613,1
13048,1
14507,1
16027,1
14484,1
14545,1
15672,1
13245,1
13600,1
16006,1
14846,1
16522,1
15105,1
14858,1
14280,1
13242,1
21484,1
13134,1
13650,1
16463,1
12717,1
13000,1
12727,1
15960,1
13438,1
13282,1
12923,1
14430,1
13957,1
16252,1
15108,1
15807,1
13999,1
16370,1
16656,1
12775,1
13374,1
14797,1
14658,1
13694,1
15687,1
15604,1
13821,1
14506,1
14824,1
13987,1
14793,1
14169,1
14672,1
14165,1
13233,1
12662,1
16562,1
15352,1
16156,1
13908,1
16195,1
14972,1
16567,1
15142,1
13368,1
14108,1
21424,1
14186,1
13010,1
13989,1
13401,1
15774,1
13204,1
13823,1
13850,1
14983,1
16348,1
12754,1
14407,1
16369,1
13906,1
14396,1
16267,1
15674,1
15057,1
13301,1
14959,1
13591,1
16221,1
13871,1
14294,1
14798,1
14110,1
13654,1
14599,1
14190,1
21374,1
15883,1
16509,1
16654,1
13505,1
14100,1
12991,1
13348,1
15852,1
13015,1
13512,1
15319,1
12947,1
15027,1
16405,1
14264,1
13138,1
15327,1
14760,1
13104,1
15489,1
16231,1
13931,1
15750,1
16634,1
13210,1
15015,1
15163,1
13207,1
13870,1
14747,1
15279,1
15224,1
12938,1
15563,1
15259,1
13156,1
15434,1
15512,1
14504,1
13550,1
15602,1
16049,1
13731,1
14737,1
15879,1
15192,1
14791,1
13225,1
14919,1
15305,1
15372,1
14316,1
14099,1
15277,1
14254,1
15274,1
14151,1
16298,1
14088,1
13327,1
15084,1
13406,1
13111,1
14790,1
15083,1
15725,1
15547,1
14179,1
15965,1
14025,1
13088,1
13877,1
15047,1
21411,1
14051,1
21369,1
13806,1
14214,1
15098,1
16593,1
12722,1
14053,1
15517,1
13930,1
15768,1
12916,1
14277,1
21460,1
15899,1
16427,1
16614,1
15276,1
16548,1
16115,1
14898,1
16055,1
16261,1
16145,1
16530,1
14425,1
16242,1
16346,1
16046,1
14647,1
21446,1
16047,1
13421,1
16520,1
13086,1
13894,1
13385,1
14805,1
16594,1
16318,1
15656,1
14595,1
16065,1
14648,1
13220,1
12753,1
15834,1
15738,1
15833,1
12972,1
14278,1
14357,1
14588,1
14245,1
14654,1
13214,1
13306,1
15249,1
14129,1
14004,1
13446,1
16012,1
15217,1
12861,1
15284,1
16335,1
16266,1
15416,1
13663,1
12762,1
13648,1
13475,1
13316,1
13294,1
15126,1
14981,1
12903,1
15718,1
15330,1
13384,1
21449,1
15925,1
14724,1
14240,1
15732,1
14508,1
13679,1
15363,1
16533,1
12904,1
13730,1
12943,1
15136,1
13139,1
13862,1
13146,1
14122,1
14474,1
13257,1
13307,1
14239,1
14616,1
21490,1
15825,1
13196,1
21435,1
13041,1
14158,1
15954,1
14200,1
15617,1
15072,1
13951,1
16202,1
15345,1
21399,1
14935,1
12929,1
13471,1
15430,1
15900,1
15981,1
16086,1
14338,1
12715,1
14594,1
14592,1
14922,1
14364,1
15694,1
14634,1
15156,1
13946,1
12752,1
12815,1
13733,1
13400,1
16226,1
15435,1
12831,1
15077,1
14412,1
14842,1
16085,1
15893,1
15025,1
15040,1
12869,1
15904,1
15052,1
14140,1
15771,1
13564,1
13742,1
13571,1
14800,1
13450,1
12703,1
21448,1
16564,1
12745,1
14402,1
14861,1
15185,1
15122,1
15016,1
14210,1
14163,1
14656,1
13643,1
15191,1
15815,1
15634,1
14356,1
12793,1
16278,1
12766,1
13234,1
13956,1
14627,1
12824,1
16453,1
14783,1
13719,1
13304,1
16165,1
21488,1
14331,1
16198,1
15420,1
13326,1
15250,1
15988,1
15578,1
14133,1
15222,1
13474,1
15232,1
16171,1
15270,1
14764,1
15347,1
15387,1
15796,1
14143,1
16010,1
14703,1
16223,1
15031,1
13773,1
13707,1
15448,1
13938,1
13180,1
14154,1
14763,1
21389,1
13953,1
13669,1
14945,1
14738,1
14536,1
13842,1
15693,1
13288,1
14116,1
14601,1
13579,1
12695,1
21459,1
13962,1
15934,1
21443,1
13378,1
15644,1
15755,1
14511,1
13705,1
14560,1
13548,1
16582,1
12838,1
14367,1
12776,1
15553,1
14366,1
14078,1
16352,1
13129,1
14068,1
13934,1
13971,1
13967,1
13433,1
15947,1
14933,1
14862,1
15788,1
16397,1
13227,1
14064,1
14149,1
13691,1
16166,1
14958,1
13239,1
15148,1
15506,1
13704,1
16192,1
13126,1
15913,1
14102,1
14770,1
13023,1
16435,1
21388,1
15702,1
15943,1
15287,1
13508,1
13099,1
13937,1
14897,1
14666,1
15841,1
16345,1
13274,1
14671,1
14330,1
13932,1
14609,1
14411,1
15980,1
16584,1
14134,1
14307,1
13208,1
13923,1
16137,1
12665,1
13762,1
16178,1
15371,1
21463,1
16161,1
14047,1
16342,1
14128,1
21450,1
16245,1
14323,1
15762,1
12862,1
14026,1
13613,1
14147,1
21417,1
15816,1
13653,1
13024,1
15600,1
14090,1
15376,1
13066,1
14461,1
15490,1
15664,1
15516,1
15141,1
14219,1
16560,1
13011,1
15970,1
13366,1
16229,1
14155,1
14063,1
15861,1
15800,1
12867,1
13716,1
14385,1
16249,1
15808,1
13526,1
16390,1
16108,1
13897,1
15498,1
15194,1
14132,1
15926,1
16623,1
15005,1
13296,1
14628,1
13580,1
14585,1
13338,1
15611,1
14888,1
13143,1
16360,1
14752,1
13562,1
15079,1
15168,1
13759,1
12711,1
13924,1
14913,1
15515,1
14577,1
13211,1
15812,1
13012,1
16075,1
14877,1
14743,1
13763,1
14311,1
14556,1
13058,1
13280,1
14417,1
13646,1
15409,1
16074,1
16083,1
13407,1
13610,1
13364,1
13735,1
13914,1
15135,1
14657,1
15467,1
15181,1
16481,1
13891,1
15067,1
14024,1
16237,1
16413,1
12906,1
14438,1
13370,1
15983,1
15421,1
13467,1
16250,1
13382,1
13159,1
15941,1
13726,1
14234,1
16460,1
16494,1
13084,1
16028,1
16404,1
13857,1
13555,1
14492,1
15165,1
21456,1
13667,1
14445,1
14070,1
14742,1
14043,1
13929,1
16153,1
16236,1
16628,1
16643,1
15282,1
14097,1
14502,1
12840,1
15502,1
21409,1
14081,1
16225,1
15803,1
15627,1
15650,1
14415,1
13016,1
14730,1
13587,1
15637,1
13321,1
13140,1
16051,1
14381,1
14537,1
15474,1
16240,1
16213,1
16154,1
13079,1
16149,1
15618,1
13425,1
13411,1
16573,1
15536,1
14062,1
15554,1
13456,1
13515,1
16575,1
15769,1
14161,1
15309,1
15979,1
15994,1
16351,1
15632,1
14180,1
15835,1
12855,1
13330,1
15233,1
13888,1
15887,1
15272,1
15837,1
16550,1
15500,1
16206,1
14188,1
14451,1
13511,1
14845,1
14650,1
13276,1
13982,1
15252,1
13273,1
15868,1
15452,1
13563,1
16063,1
13537,1
15666,1
16096,1
13275,1
14982,1
12989,1
15722,1
16220,1
16332,1
13248,1
14146,1
12807,1
15753,1
15698,1
16444,1
13174,1
15691,1
15408,1
13604,1
15124,1
13963,1
13131,1
12719,1
15799,1
12981,1
14565,1
13592,1
15734,1
15073,1
13247,1
16170,1
16100,1
13802,1
14649,1
13161,1
13224,1
12669,1
15465,1
15525,1
14692,1
14297,1
13909,1
14355,1
13714,1
16462,1
15028,1
16043,1
14727,1
14518,1
15468,1
16561,1
13848,1
13601,1
14215,1
16529,1
14996,1
12803,1
15583,1
15912,1
14387,1
13346,1
13720,1
13608,1
21408,1
12744,1
16264,1
15710,1
16133,1
15145,1
12946,1
13135,1
13958,1
14939,1
13656,1
13593,1
14054,1
13496,1
15401,1
15199,1
15854,1
14993,1
15564,1
15706,1
15659,1
13771,1
12963,1
16219,1
14362,1
14103,1
12750,1
15144,1
14224,1
13263,1
16020,1
13619,1
13124,1
15689,1
13927,1
16291,1
12996,1
13047,1
16179,1
13094,1
12663,1
14818,1
21429,1
14815,1
15740,1
13241,1
15540,1
15716,1
15703,1
14276,1
12661,1
15508,1
15429,1
12964,1
12668,1
14720,1
14084,1
14710,1
15131,1
13746,1
12990,1
14552,1
12818,1
13117,1
13164,1
15619,1
14651,1
16605,1
13706,1
13750,1
16307,1
15215,1
14772,1
14894,1
14452,1
16110,1
13900,1
14494,1
13493,1
14159,1
15982,1
16445,1
13312,1
15914,1
15110,1
16194,1
15766,1
14535,1
13440,1
13832,1
15394,1
15023,1
14682,1
15097,1
16482,1
13676,1
14094,1
12835,1
14638,1
13057,1
16475,1
15350,1
16488,1
13872,1
16528,1
15605,1
13044,1
21428,1
14109,1
12994,1
15859,1
15580,1
15424,1
15946,1
13945,1
14232,1
13424,1
13617,1
16474,1
12729,1
15096,1
16607,1
12827,1
14000,1
14553,1
12755,1
14705,1
13841,1
14241,1
13751,1
15696,1
12974,1
14351,1
12790,1
14428,1
15324,1
14152,1
16637,1
14325,1
12957,1
14843,1
16333,1
15886,1
13717,1
14711,1
16199,1
13527,1
16050,1
14889,1
13361,1
13786,1
15953,1
15380,1
16416,1
14304,1
13598,1
16157,1
16599,1
15109,1
13736,1
13793,1
12704,1
15559,1
13454,1
13367,1
15649,1
15225,1
13594,1
13009,1
13612,1
13673,1
15793,1
13402,1
13344,1
13335,1
14377,1
12999,1
16052,1
16421,1
14107,1
13116,1
13582,1
16048,1
16495,1
15832,1
13853,1
13732,1
14781,1
12705,1
16501,1
14211,1
16121,1
15726,1
15831,1
15669,1
13690,1
13205,1
14230,1
13528,1
12988,1
15103,1
16469,1
14371,1
15845,1
15267,1
13547,1
15406,1
15719,1
13151,1
15019,1
16422,1
14193,0
12833,1
13639,1
16376,1
13912,1
14668,1
15802,1
13422,1
14258,1
15998,1
12660,1
13444,1
13332,1
15461,1
16380,1
16423,1
13085,1
13310,1
13328,1
15778,1
13352,1
15813,1
13681,1
12822,1
14036,1
12917,1
14965,1
16371,1
15654,1
12821,1
15565,1
12922,1
16587,1
16022,1
13043,1
16431,1
12889,1
14994,1
13359,1
13784,1
16619,1
15041,1
14544,1
14104,1
14931,1
15972,1
14801,1
15466,1
13752,1
21419,1
13622,1
12837,1
12763,1
15129,1
13657,1
14735,1
15402,1
13373,1
14260,1
13815,1
15331,1
13710,1
14420,1
13954,1
15436,1
12726,1
14700,1
15521,1
14985,1
14318,1
15586,1
14206,1
16007,1
13633,1
15917,1
12734,1
16503,1
14218,1
14557,1
15339,1
15660,1
14606,1
14386,1
13758,1
14715,1
14569,1
12674,1
15492,1
13968,1
14775,1
14566,1
15986,1
13504,1
15439,1
12958,1
15198,1
15385,1
13560,1
14957,1
14768,1
13013,1
15253,1
13737,1
12886,1
13518,1
16160,1
16326,1
15857,1
14005,1
12955,1
15929,1
15428,1
15152,1
15622,1
15538,1
14593,1
15975,1
15472,1
16578,1
13630,1
13077,1
15895,1
13069,1
16120,1
16511,1
14916,1
21472,1
13449,1
13975,1
15155,1
14305,1
13315,1
13182,1
16606,1
14855,1
16189,1
15558,1
14361,1
14832,1
15522,1
13969,1
13354,1
15307,1
14804,1
12698,1
14490,1
16497,1
15640,1
14813,1
16563,1
14427,1
15102,1
13339,1
15543,1
13360,1
14483,1
15263,1
14055,1
21481,1
13947,1
13768,1
15792,1
16258,1
13187,1
14867,1
15610,1
15355,1
15940,1
13595,1
13412,1
13369,1
14603,1
13222,1
12998,1
13404,1
21466,1
15107,1
13795,1
13083,1
14605,1
13783,1
14006,1
13258,1
14456,1
15175,1
13696,1
13926,1
16343,1
13436,1
13589,1
14422,1
12912,1
16187,1
12740,1
21368,1
16591,1
13463,1
12799,1
14912,1
16208,1
14075,1
13173,1
15483,1
15902,1
14827,1
15680,1
13235,1
16288,1
14397,1
15956,1
16030,1
15875,1
12890,1
13626,1
15678,1
14013,1
14120,1
14476,1
16029,1
13478,1
13544,1
15449,1
14541,1
13420,1
14856,1
14977,1
13796,1
16350,1
21473,1
14602,1
14563,1
14683,1
16399,1
13246,1
12735,1
15296,1
16127,1
16443,1
15020,1
14906,1
16214,1
21447,1
15903,1
15566,1
15888,1
15537,1
12873,1
16477,1
13050,1
12685,1
13410,1
14468,1
13136,1
13567,1
14216,1
15143,1
14809,1
16088,1
14838,1
14989,1
13221,1
13627,1
16044,1
13655,1
15885,1
13435,1
13675,1
13311,1
13577,1
16058,1
14267,1
15446,1
15373,1
14608,1
15791,1
15584,1
16396,1
15894,1
16456,1
21477,1
15923,1
13873,1
15714,1
13176,1
14382,1
15000,1
15959,1
14033,1
15612,1
15544,1
12926,1
13162,1
12765,1
16135,1
15787,1
15437,1
15231,1
15884,1
13290,1
15864,1
13260,1
16147,1
14352,1
13816,1
15216,1
13096,1
16478,1
13267,1
15513,1
15493,1
15889,1
13713,1
14012,1
15785,1
14261,1
16247,1
14466,1
15639,1
16547,1
14578,1
12961,1
13334,1
14208,1
15460,1
16234,1
14850,1
12699,1
14207,1
13922,1
14321,1
15582,1
14270,1
13002,1
15764,1
13590,1
12909,1
12936,1
14375,1
14121,1
16282,1
14938,1
14581,1
13268,1
14032,1
12986,1
15643,1
13439,1
15699,1
14620,1
15896,1
15930,1
16455,1
16490,1
14509,1
16504,1
15342,1
13442,1
16004,1
13868,1
14061,1
15853,1
16080,1
14347,1
13902,1
13198,1
12738,1
15397,1
13017,1
14573,1
13144,1
13845,1
12671,1
15937,1
15085,1
14268,1
14884,1
13415,1
21366,1
15761,1
15933,1
13624,1
14576,1
16279,1
16144,1
15780,1
21423,1
13061,1
15346,1
12809,1
15593,1
13775,1
14732,1
16617,1
15399,1
21377,1
14712,1
16428,1
14030,1
16464,1
15137,1
14988,1
13049,1
15747,1
12716,1
13226,1
21416,1
12684,1
14555,1
14284,1
13375,1
13683,1
15090,1
16260,1
13100,1
14135,1
16430,1
15214,1
13513,1
13757,1
14826,1
13517,1
13477,1
15681,1
14308,1
16000,1
14583,1
13113,1
12710,1
14722,1
13875,1
14970,1
12713,1
15735,1
14999,1
15024,1
16365,1
15285,1
15673,1
21426,1
14754,1
16545,1
14414,1
12859,1
14393,1
14467,1
16592,1
14929,1
13243,1
16268,1
13018,1
13261,1
14257,1
15670,1
16317,1
13805,1
14344,1
13880,1
14372,1
14440,1
16188,1
15936,1
14803,1
21372,1
12784,1
21461,1
13453,1
16473,1
13295,1
13202,1
12973,1
14262,1
13584,1
14839,1
14250,1
14663,1
14617,1
16164,1
16555,1
14306,1
16035,1
13053,1
14863,1
13163,1
14903,1
16471,1
16158,1
16104,1
16227,1
13430,1
13605,1
15514,1
14587,1
12925,1
15905,1
15332,1
14431,1
21431,1
15603,1
14401,1
14295,1
13869,1
13910,1
13668,1
14285,1
15119,1
16515,1
15730,1
14960,1
15663,1
15333,1
16625,1
13918,1
15006,1
14543,1
12786,1
14453,1
16596,1
13712,1
12768,1
13915,1
15491,1
14199,1
15357,1
14058,1
15628,1
16361,1
13959,1
15992,1
14343,1
16117,1
13674,1
13921,1
15164,1
16233,1
21479,1
14052,1
13688,1
14515,1
14170,1
14201,1
16459,1
13534,1
15255,1
14955,1
13542,1
13148,1
14879,1
12997,1
13480,1
13150,1
13323,1
16300,1
12985,1
14864,1
12797,1
15280,1
16324,1
12908,1
15479,1
16378,1
16204,1
15048,1
13658,1
15286,1
15495,1
16018,1
21395,1
15241,1
12701,1
13105,1
14786,1
12928,1
21376,1
13169,1
13981,1
15529,1
16215,1
13944,1
14645,1
15797,1
15608,1
13170,1
13468,1
14679,1
14337,1
13473,1
15967,1
16283,1
12937,1
14956,1
15061,1
16559,1
16467,1
16112,1
16485,1
15570,1
15932,1
13765,1
12829,1
16524,1
12967,1
14485,1
14639,1
14437,1
12769,1
14197,1
14416,1
14196,1
13628,1
13846,1
15099,1
16162,1
12920,1
12856,1
14946,1
13379,1
14878,1
16581,1
16534,1
13488,1
16620,1
21413,1
16540,1
14676,1
13448,1
13089,1
15742,1
15916,1
14275,1
12764,1
13884,1
13697,1
15180,1
15071,1
16232,1
13171,1
14383,1
14480,1
15335,1
16362,1
13836,1
14622,1
13997,1
12959,1
15300,1
12968,1
15441,1
13980,1
16366,1
16392,1
15623,1
15050,1
14246,1
13901,1
16302,1
12808,1
13322,1
15088,1
15874,1
13573,1
16536,1
14978,1
14624,1
12733,1
14059,1
15074,1
15459,1
16190,1
15907,1
15066,1
15869,1
15326,1
13644,1
14740,1
15082,1
12759,1
14144,1
13252,1
14559,1
13916,1
13337,1
14816,1
13863,1
14767,1
13833,1
14915,1
21412,1
13606,1
15626,1
14731,1
21478,1
13491,1
13970,1
12970,1
15997,1
15068,1
14223,1
15876,1
16067,1
14567,1
14269,1
14039,1
13065,1
14335,1
14204,1
13993,1
12913,1
16452,1
15577,1
15599,1
14459,1
13320,1
16539,1
16577,1
12993,1
13209,1
15991,1
15034,1
16569,1
14374,1
16557,1
13907,1
14538,1
13755,1
15576,1
21483,1
14499,1
12749,1
13565,1
14286,1
12760,1
14524,1
13851,1
14542,1
14074,1
14984,1
14802,1
14891,1
15362,1
12866,1
13665,1
12677,1
15856,1
13974,1
12712,1
16235,1
14953,1
14531,1
14971,1
14195,1
12813,1
15843,1
13408,1
14788,1
14828,1
14857,1
13142,1
14695,1
15320,1
14008,1
15140,1
14003,1
15395,1
13804,1
12851,1
21379,1
13298,1
21457,1
15356,1
13734,1
16527,1
16538,1
15021,1
12951,1
14334,1
15423,1
14896,1
12842,1
16081,1
14322,1
14319,1
13812,1
16425,1
15240,1
13885,1
13632,1
16246,1
16064,1
16640,1
13886,1
14626,1
13092,1
21465,1
14794,1
14771,1
16450,1
16336,1
15572,1
14974,1
14757,1
12863,1
14340,1
15053,1
15314,1
15851,1
16353,1
14949,1
12747,1
13302,1
14883,1
13481,1
15823,1
14023,1
13365,1
13443,1
14708,1
15338,1
15127,1
14814,1
15520,1
12836,1
13070,1
13074,1
16073,1
21397,1
15906,1
16059,1
15056,1
13398,1
12731,1
12995,1
14866,1
15018,1
14646,1
14150,1
14860,1
16621,1
15636,1
15817,1
15014,1
15707,1
13289,1
14849,1
14554,1
13738,1
14693,1
13824,1
14096,1
15661,1
16285,1
14460,1
16328,1
14904,1
16271,1
12739,1
13535,1
13998,1
16045,1
13417,1
14876,1
14014,1
16379,1
15752,1
14256,1
14751,1
15173,1
15836,1
14124,1
12977,1
13506,1
21384,1
14101,1
14686,1
16641,1
15450,1
13459,1
16128,1
15170,1
13032,1
16185,1
13684,1
14164,1
15826,1
13030,1
15964,1
13983,1
16517,1
14237,1
15908,1
15295,1
16395,1
12787,1
15219,1
14777,1
14293,1
14242,1
13028,1
15162,1
14774,1
15974,1
14478,1
13539,1
13035,1
15568,1
14665,1
13090,1
16141,1
14249,1
16385,1
16521,1
14534,1
15312,1
13472,1
14914,1
14678,1
13025,1
16094,1
12682,1
15551,1
15100,1
12897,1
13200,1
15383,1
15112,1
14117,1
16525,1
14561,1
13020,1
14744,1
15646,1
14388,1
21405,1
16265,1
16642,1
16005,1
14741,1
15503,1
15662,1
13839,1
21390,1
16257,1
13991,1
13887,1
15438,1
15404,1
14192,1
16604,1
16150,1
14963,1
13618,1
15971,1
13822,1
13964,1
15651,1
14233,1
16400,1
16492,1
15206,1
21425,1
14516,1
16493,1
13427,1
14719,1
16598,1
16002,1
14252,1
13615,1
15631,1
14947,1
16476,1
12714,1
15958,1
14093,1
16616,1
13715,1
12718,1
12693,1
16152,1
16440,1
13858,1
15443,1
15915,1
14176,1
13392,1
15172,1
15254,1
21437,1
13545,1
13152,1
13238,1
21486,1
13791,1
12870,1
13722,1
15951,1
16454,1
13662,1
14817,1
16624,1
12844,1
14673,1
16042,1
14714,1
14289,1
13965,1
14439,1
15080,1
14313,1
15811,1
13782,1
13103,1
16374,1
14932,1
15161,1
15705,1
14339,1
15458,1
15873,1
15239,1
12901,1
16201,1
15291,1
15353,1
16207,1
14317,1
14991,1
13955,1
14332,1
15010,1
16653,1
13269,1
21382,1
14065,1
15132,1
15890,1
13031,1
15720,1
16410,1
13844,1
14785,1
12894,1
14002,1
14979,1
13876,1
14434,1
14156,1
15049,1
14755,1
13168,1
14271,1
14281,1
15821,1
12736,1
14975,1
15532,1
16057,1
16136,1
15044,1
13021,1
14018,1
12737,1
12982,1
14098,1
13788,1
14168,1
15763,1
15251,1
13314,1
15728,1
14041,1
15585,1
14272,1
16014,1
12871,1
12789,1
15745,1
16125,1
13106,1
21471,1
13357,1
13181,1
14479,1
14073,1
12823,1
15966,1
15213,1
16041,1
13283,1
16655,1
13419,1
13303,1
14540,1
15256,1
15480,1
15007,1
14944,1
15485,1
12841,1
13827,1
15147,1
14369,1
14787,1
15190,1
13949,1
16319,1
16629,1
16116,1
15754,1
14967,1
13559,1
16406,1
13229,1
16024,1
21454,1
15400,1
16183,1
15773,1
16610,1
13979,1
14185,1
16535,1
13769,1
14066,1
15795,1
15247,1
15196,1
13978,1
14287,1
12781,1
15292,1
15760,1
15368,1
13423,1
14067,1
14403,1
14796,1
13284,1
14274,1
14548,1
14934,1
16251,1
13482,1
12774,1
15029,1
16457,1
13682,1
13250,1
14680,1
15166,1
14166,1
12785,1
21467,1
15095,1
14681,1
12720,1
15202,1
16290,1
16334,1
12880,1
12778,1
14941,1
21430,1
12924,1
16631,1
14590,1
15848,1
14465,1
14726,1
14756,1
15621,1
12658,1
12942,1
14266,1
15012,1
12757,1
13270,1
15910,1
15561,1
12686,1
15938,1
16262,1
15349,1
14457,1
15478,1
16062,1
12773,1
14631,1
14596,1
13331,1
16169,1
16373,1
13008,1
14582,1
13879,1
16580,1
13045,1
16205,1
13995,1
15863,1
16076,1
14392,1
15849,1
13911,1
12679,1
15765,1
16323,1
12758,1
16109,1
16344,1
13262,1
16526,1
14405,1
15968,1
14709,1
15415,1
13837,1
14831,1
16466,1
16403,1
15121,1
15539,1
15950,1
15645,1
16124,1
14496,1
15781,1
14220,1
15948,1
13155,1
16603,1
13033,1
13062,1
16436,1
15125,1
12751,1
15862,1
13485,1
15341,1
15205,1
13349,1
14365,1
14661,1
13789,1
21470,1
14962,1
16053,1
14389,1
14778,1
13264,1
14329,1
21475,1
14629,1
13394,1
12950,1
16627,1
21393,1
14621,1
16099,1
15045,1
15329,1
16174,1
15160,1
16646,1
12721,1
14042,1
13308,1
14625,1
12770,1
15682,1
13462,1
15989,1
16451,1
21418,1
13509,1
21436,1
15715,1
15323,1
15337,1
16551,1
15635,1
13711,1
15011,1
15318,1
13686,1
15369,1
16479,1
15786,1
13561,1
14698,1
16409,1
14520,1
14463,1
13603,1
14765,1
13599,1
13678,1
14505,1
16556,1
13095,1
13397,1
13244,1
15647,1
13231,1
13305,1
13253,1
16054,1
13390,1
15743,1
14853,1
15456,1
13698,1
16626,1
16270,1
12987,1
15204,1
14087,1
13091,1
13625,1
13081,1
15220,1
16019,1
14435,1
15844,1
15510,1
12826,1
16077,1
12794,1
13552,1
14141,1
14450,1
14105,1
12857,1
14481,1
16544,1
14779,1
13465,1
15655,1
13856,1
13899,1
13281,1
13820,1
15261,1
15433,1
16439,1
14398,1
14940,1
16079,1
12865,1
14980,1
13249,1
14378,1
14521,1
21375,1
13127,1
13586,1
15379,1
15592,1
14571,1
13614,1
12683,1
13792,1
15882,1
15595,1
16191,1
16512,1
14092,1
16570,1
15749,1
15002,1
13428,1
21487,1
15150,1
13866,1
13810,1
12965,1
15268,1
15445,1
16113,1
15076,1
13631,1
14292,1
15093,1
16420,1
14130,1
21410,1
15615,1
14342,1
16576,1
13729,1
14909,1
15614,1
15317,1
14299,1
16218,1
16280,1
13865,1
14950,1
13372,1
21394,1
15403,1
15995,1
15877,1
13317,1
13455,1
13413,1
15154,1
14529,1
14704,1
14821,1
13195,1
15555,1
14880,1
15257,1
13363,1
16126,1
15922,1
15390,1
